DATE,OPERATION,SECTOR FROM,SECTOR TO,OFF BLOCKS,TAKE OFF,ON GROUND,ON BLOCKS,CYCLE,FH(HOURS),FH(MINUTES),FLIGHT HOURS,BT(HOURS),BT(MINUTES),BLOCK TIME,TFH(HOURS),TFH(MINUTES),TOTAL FLYING HOURS,TOTB(HOURS),TOTB(MINUTES),TOTAL BLOCK TIME,TOTAL CYCLE
30-Dec-05,N,LIM,LIM,22:06,22:22,23:30,23:34,1,1,:08,,1,:28,,1,:08,,1,:28,,1
,,,,,,,,0,0,:00,,0,:00,,1,:08,,1,:28,,1
,,,,,,,,0,0,:00,,0,:00,,1,:08,,1,:28,,1
,,,,,,,,0,0,:00,,0,:00,,1,:08,,1,:28,,1
,,,,,,,,0,0,:00,,0,:00,,1,:08,,1,:28,,1
,,,,,,,,0,0,:00,,0,:00,,1,:08,,1,:28,,1
,,,,,,,,0,0,:00,,0,:00,,1,:08,,1,:28,,1
,,,,,,,,0,0,:00,,0,:00,,1,:08,,1,:28,,1
,,,,,,,,0,0,:00,,0,:00,,1,:08,,1,:28,,1
,,,,,,,,0,0,:00,,0,:00,,1,:08,,1,:28,,1
,,,,,,,,0,0,:00,,0,:00,,1,:08,,1,:28,,1
,,,,,,,,0,0,:00,,0,:00,,1,:08,,1,:28,,1
,,,,,,,,0,0,:00,,0,:00,,1,:08,,1,:28,,1
,,,,,,,,0,0,:00,,0,:00,,1,:08,,1,:28,,1
T0TAL,wala,,total for the day,,,,,1,1,:08,,1,:28,,1,:08,,1,:28,,1
06-Jan-06,N,LIM,PTY,23:39,23:51,2:02,2:24,1,2,:11,,2,:45,,3,:19,,4,:13,,2
,,,,,,,,0,0,:00,,0,:00,,3,:19,,4,:13,,2
,,,,,,,,0,0,:00,,0,:00,,3,:19,,4,:13,,2
,,,,,,,,0,0,:00,,0,:00,,3,:19,,4,:13,,2
,,,,,,,,0,0,:00,,0,:00,,3,:19,,4,:13,,2
,,,,,,,,0,0,:00,,0,:00,,3,:19,,4,:13,,2
,,,,,,,,0,0,:00,,0,:00,,3,:19,,4,:13,,2
,,,,,,,,0,0,:00,,0,:00,,3,:19,,4,:13,,2
,,,,,,,,0,0,:00,,0,:00,,3,:19,,4,:13,,2
,,,,,,,,0,0,:00,,0,:00,,3,:19,,4,:13,,2
,,,,,,,,0,0,:00,,0,:00,,3,:19,,4,:13,,2
,,,,,,,,0,0,:00,,0,:00,,3,:19,,4,:13,,2
,,,,,,,,0,0,:00,,0,:00,,3,:19,,4,:13,,2
,,,,,,,,0,0,:00,,0,:00,,3,:19,,4,:13,,2
T0TAL,wala,,total for the day,,,,,1,2,:11,,2,:45,,3,:19,,4,:13,,2
07-Jan-06,N,PTY,ACA,4:16,4:24,7:52,7:56,1,3,:28,,3,:40,,6,:47,,7,:53,,3
,N,ACA,TUS,9:40,9:51,12:58,13:07,1,3,:07,,3,:27,,9,:54,,11,:20,,4
,,,,,,,,0,0,:00,,0,:00,,9,:54,,11,:20,,4
,,,,,,,,0,0,:00,,0,:00,,9,:54,,11,:20,,4
,,,,,,,,0,0,:00,,0,:00,,9,:54,,11,:20,,4
,,,,,,,,0,0,:00,,0,:00,,9,:54,,11,:20,,4
,,,,,,,,0,0,:00,,0,:00,,9,:54,,11,:20,,4
,,,,,,,,0,0,:00,,0,:00,,9,:54,,11,:20,,4
,,,,,,,,0,0,:00,,0,:00,,9,:54,,11,:20,,4
,,,,,,,,0,0,:00,,0,:00,,9,:54,,11,:20,,4
,,,,,,,,0,0,:00,,0,:00,,9,:54,,11,:20,,4
,,,,,,,,0,0,:00,,0,:00,,9,:54,,11,:20,,4
,,,,,,,,0,0,:00,,0,:00,,9,:54,,11,:20,,4
,,,,,,,,0,0,:00,,0,:00,,9,:54,,11,:20,,4
T0TAL,wala,,total for the day,,,,,2,6,:35,,7,:07,,9,:54,,11,:20,,4
09-Jan-06,N,TUS,SEA,0:31,0:38,3:52,3:55,1,3,:14,,3,:24,,13,:08,,14,:44,,5
,N,SEA,ANC,5:29,5:45,9:12,9:18,1,3,:27,,3,:49,,16,:35,,18,:33,,6
,,,,,,,,0,0,:00,,0,:00,,16,:35,,18,:33,,6
,,,,,,,,0,0,:00,,0,:00,,16,:35,,18,:33,,6
,,,,,,,,0,0,:00,,0,:00,,16,:35,,18,:33,,6
,,,,,,,,0,0,:00,,0,:00,,16,:35,,18,:33,,6
,,,,,,,,0,0,:00,,0,:00,,16,:35,,18,:33,,6
,,,,,,,,0,0,:00,,0,:00,,16,:35,,18,:33,,6
,,,,,,,,0,0,:00,,0,:00,,16,:35,,18,:33,,6
,,,,,,,,0,0,:00,,0,:00,,16,:35,,18,:33,,6
,,,,,,,,0,0,:00,,0,:00,,16,:35,,18,:33,,6
,,,,,,,,0,0,:00,,0,:00,,16,:35,,18,:33,,6
,,,,,,,,0,0,:00,,0,:00,,16,:35,,18,:33,,6
,,,,,,,,0,0,:00,,0,:00,,16,:35,,18,:33,,6
T0TAL,wala,,total for the day,,,,,2,6,:41,,7,:13,,16,:35,,18,:33,,6
10-Jan-06,N,ANC,DYR,21:00,21:16,23:44,23:49,1,2,:28,,2,:49,,19,:03,,21,:22,,7
,,,,,,,,0,0,:00,,0,:00,,19,:03,,21,:22,,7
,,,,,,,,0,0,:00,,0,:00,,19,:03,,21,:22,,7
,,,,,,,,0,0,:00,,0,:00,,19,:03,,21,:22,,7
,,,,,,,,0,0,:00,,0,:00,,19,:03,,21,:22,,7
,,,,,,,,0,0,:00,,0,:00,,19,:03,,21,:22,,7
,,,,,,,,0,0,:00,,0,:00,,19,:03,,21,:22,,7
,,,,,,,,0,0,:00,,0,:00,,19,:03,,21,:22,,7
,,,,,,,,0,0,:00,,0,:00,,19,:03,,21,:22,,7
,,,,,,,,0,0,:00,,0,:00,,19,:03,,21,:22,,7
,,,,,,,,0,0,:00,,0,:00,,19,:03,,21,:22,,7
,,,,,,,,0,0,:00,,0,:00,,19,:03,,21,:22,,7
,,,,,,,,0,0,:00,,0,:00,,19,:03,,21,:22,,7
,,,,,,,,0,0,:00,,0,:00,,19,:03,,21,:22,,7
T0TAL,wala,,total for the day,,,,,1,2,:28,,2,:49,,19,:03,,21,:22,,7
11-Jan-06,N,DYR,PKC,0:41,0:50,3:35,3:41,1,2,:45,,3,:00,,21,:48,,24,:22,,8
,N,PKC,KIJ,6:56,7:11,10:35,10:40,1,3,:24,,3,:44,,25,:12,,28,:06,,9
,N,KIJ,TPE,11:17,11:23,15:07,15:09,1,3,:44,,3,:52,,28,:56,,31,:58,,10
,,,,,,,,0,0,:00,,0,:00,,28,:56,,31,:58,,10
,,,,,,,,0,0,:00,,0,:00,,28,:56,,31,:58,,10
,,,,,,,,0,0,:00,,0,:00,,28,:56,,31,:58,,10
,,,,,,,,0,0,:00,,0,:00,,28,:56,,31,:58,,10
,,,,,,,,0,0,:00,,0,:00,,28,:56,,31,:58,,10
,,,,,,,,0,0,:00,,0,:00,,28,:56,,31,:58,,10
,,,,,,,,0,0,:00,,0,:00,,28,:56,,31,:58,,10
,,,,,,,,0,0,:00,,0,:00,,28,:56,,31,:58,,10
,,,,,,,,0,0,:00,,0,:00,,28,:56,,31,:58,,10
,,,,,,,,0,0,:00,,0,:00,,28,:56,,31,:58,,10
,,,,,,,,0,0,:00,,0,:00,,28,:56,,31,:58,,10
T0TAL,wala,,total for the day,,,,,3,9,:53,,10,:36,,28,:56,,31,:58,,10
12-Jan-06,N,TPE,CRK,16:15,16:27,18:08,18:15,1,1,:41,,2,:00,,30,:37,,33,:58,,11
,N,,,,,,,0,0,:00,,0,:00,,30,:37,,33,:58,,11
,N,,,,,,,0,0,:00,,0,:00,,30,:37,,33,:58,,11
,,,,,,,,0,0,:00,,0,:00,,30,:37,,33,:58,,11
,,,,,,,,0,0,:00,,0,:00,,30,:37,,33,:58,,11
,,,,,,,,0,0,:00,,0,:00,,30,:37,,33,:58,,11
,,,,,,,,0,0,:00,,0,:00,,30,:37,,33,:58,,11
,,,,,,,,0,0,:00,,0,:00,,30,:37,,33,:58,,11
,,,,,,,,0,0,:00,,0,:00,,30,:37,,33,:58,,11
,,,,,,,,0,0,:00,,0,:00,,30,:37,,33,:58,,11
,,,,,,,,0,0,:00,,0,:00,,30,:37,,33,:58,,11
,,,,,,,,0,0,:00,,0,:00,,30,:37,,33,:58,,11
,,,,,,,,0,0,:00,,0,:00,,30,:37,,33,:58,,11
,,,,,,,,0,0,:00,,0,:00,,30,:37,,33,:58,,11
T0TAL,wala,,total for the day,,,,,1,1,:41,,2,:00,,30,:37,,33,:58,,11
24-Jan-06,N,CRK,MNL,14:51,14:55,15:19,15:23,1,0,:24,,0,:32,,31,:01,,34,:30,,12
,,MNL,CRK,16:36,16:52,17:20,17:25,1,0,:28,,0,:49,,31,:29,,35,:19,,13
,,,,,,,,0,0,:00,,0,:00,,31,:29,,35,:19,,13
,,,,,,,,0,0,:00,,0,:00,,31,:29,,35,:19,,13
,,,,,,,,0,0,:00,,0,:00,,31,:29,,35,:19,,13
,,,,,,,,0,0,:00,,0,:00,,31,:29,,35,:19,,13
,,,,,,,,0,0,:00,,0,:00,,31,:29,,35,:19,,13
,,,,,,,,0,0,:00,,0,:00,,31,:29,,35,:19,,13
,,,,,,,,0,0,:00,,0,:00,,31,:29,,35,:19,,13
,,,,,,,,0,0,:00,,0,:00,,31,:29,,35,:19,,13
,,,,,,,,0,0,:00,,0,:00,,31,:29,,35,:19,,13
,,,,,,,,0,0,:00,,0,:00,,31,:29,,35,:19,,13
,,,,,,,,0,0,:00,,0,:00,,31,:29,,35,:19,,13
,,,,,,,,0,0,:00,,0,:00,,31,:29,,35,:19,,13
T0TAL,wala,,total for the day,,,,,2,,:52,,1,:21,,31,:29,,35,:19,,13
25-Jan-06,N,CRK,MNL,12:45,12:53,13:30,13:30,1,0,:37,,0,:45,,32,:06,,36,:04,,14
,,MNL,CRK,13:30,13:37,14:06,14:08,1,0,:29,,0,:38,,32,:35,,36,:42,,15
,N,,,,,,,0,0,:00,,0,:00,,32,:35,,36,:42,,15
,N,,,,,,,0,0,:00,,0,:00,,32,:35,,36,:42,,15
,N,,,,,,,0,0,:00,,0,:00,,32,:35,,36,:42,,15
,N,,,,,,,0,0,:00,,0,:00,,32,:35,,36,:42,,15
,N,,,,,,,0,0,:00,,0,:00,,32,:35,,36,:42,,15
,N,,,,,,,0,0,:00,,0,:00,,32,:35,,36,:42,,15
,,,,,,,,0,0,:00,,0,:00,,32,:35,,36,:42,,15
,,,,,,,,0,0,:00,,0,:00,,32,:35,,36,:42,,15
,,,,,,,,0,0,:00,,0,:00,,32,:35,,36,:42,,15
,,,,,,,,0,0,:00,,0,:00,,32,:35,,36,:42,,15
,,,,,,,,0,0,:00,,0,:00,,32,:35,,36,:42,,15
,,,,,,,,0,0,:00,,0,:00,,32,:35,,36,:42,,15
T0TAL,wala,,total for the day,,,,,2,1,:06,,1,:23,,32,:35,,36,:42,,15
08-Mar-06,N,CRK,MNL,2:23,2:32,2:55,2:58,1,0,:23,,0,:35,,32,:58,,37,:17,,16
,,MLA,ROR,8:04,8:42,11:13,11:18,1,2,:31,,3,:14,,35,:29,,40,:31,,17
,N,ROR,DVO,13:34,13:38,15:15,15:20,1,1,:37,,1,:46,,37,:06,,42,:17,,18
,,DVO,SFS,15:50,15:55,17:29,17:36,1,1,:34,,1,:46,,38,:40,,44,:03,,19
,,SFS,CRK,18:53,18:58,19:25,19:30,1,0,:27,,0,:37,,39,:07,,44,:40,,20
,N,,,,,,,0,0,:00,,0,:00,,39,:07,,44,:40,,20
,,,,,,,,0,0,:00,,0,:00,,39,:07,,44,:40,,20
,,,,,,,,0,0,:00,,0,:00,,39,:07,,44,:40,,20
,,,,,,,,0,0,:00,,0,:00,,39,:07,,44,:40,,20
,,,,,,,,0,0,:00,,0,:00,,39,:07,,44,:40,,20
,,,,,,,,0,0,:00,,0,:00,,39,:07,,44,:40,,20
,,,,,,,,0,0,:00,,0,:00,,39,:07,,44,:40,,20
,,,,,,,,0,0,:00,,0,:00,,39,:07,,44,:40,,20
,,,,,,,,0,0,:00,,0,:00,,39,:07,,44,:40,,20
T0TAL,wala,,total for the day,,,,,5,6,:32,,7,:58,,39,:07,,44,:40,,20
16-Mar-06,N,CRK,MNL,6:29,6:37,6:57,7:02,1,0,:20,,0,:33,,39,:27,,45,:13,,21
,,MNL,ROR,8:35,8:46,11:15,11:21,1,2,:29,,2,:46,,41,:56,,47,:59,,22
,,ROR,DVO,14:21,14:25,16:04,16:08,1,1,:39,,1,:47,,43,:35,,49,:46,,23
,,DVO,SFS,16:40,16:50,18:23,18:29,1,1,:33,,1,:49,,45,:08,,51,:35,,24
,,,,,,,,0,0,:00,,0,:00,,45,:08,,51,:35,,24
,N,,,,,,,0,0,:00,,0,:00,,45,:08,,51,:35,,24
,N,,,,,,,0,0,:00,,0,:00,,45,:08,,51,:35,,24
,N,,,,,,,0,0,:00,,0,:00,,45,:08,,51,:35,,24
,N,SFS,CRK,19:10,19:14,19:39,19:47,1,0,:25,,0,:37,,45,:33,,52,:12,,25
,N,,,,,,,0,0,:00,,0,:00,,45,:33,,52,:12,,25
,N,,,,,,,0,0,:00,,0,:00,,45,:33,,52,:12,,25
,N,,,,,,,0,0,:00,,0,:00,,45,:33,,52,:12,,25
,N,,,,,,,0,0,:00,,0,:00,,45,:33,,52,:12,,25
,N,,,,,,,0,0,:00,,0,:00,,45,:33,,52,:12,,25
T0TAL,wala,,total for the day,,,,,5,6,:26,,7,:32,,45,:33,,52,:12,,25
07-Apr-06,N,CRK,TPE,16:31,16:39,18:19,18:24,1,1,:40,,1,:53,,47,:13,,54,:05,,26
,,TPE,LAO,19:20,19:33,20:54,20:56,1,1,:21,,1,:36,,48,:34,,55,:41,,27
,,LAO,XMN,21:54,21:59,23:26,23:29,1,1,:27,,1,:35,,50,:01,,57,:16,,28
,,XMN,CRK,1:09,1:22,3:02,3:09,1,1,:40,,2,:00,,51,:41,,59,:16,,29
,N,,,,,,,0,0,:00,,0,:00,,51,:41,,59,:16,,29
,N,,,,,,,0,0,:00,,0,:00,,51,:41,,59,:16,,29
,,,,,,,,0,0,:00,,0,:00,,51,:41,,59,:16,,29
,,,,,,,,0,0,:00,,0,:00,,51,:41,,59,:16,,29
,,,,,,,,0,0,:00,,0,:00,,51,:41,,59,:16,,29
,,,,,,,,0,0,:00,,0,:00,,51,:41,,59,:16,,29
,,,,,,,,0,0,:00,,0,:00,,51,:41,,59,:16,,29
,,,,,,,,0,0,:00,,0,:00,,51,:41,,59,:16,,29
,,,,,,,,0,0,:00,,0,:00,,51,:41,,59,:16,,29
,,,,,,,,0,0,:00,,0,:00,,51,:41,,59,:16,,29
T0TAL,wala,,total for the day,,,,,4,6,:08,,7,:04,,51,:41,,59,:16,,29
17-Apr-06,N,CRK,TPE,15:32,15:36,17:19,17:24,1,1,:43,,1,:52,,53,:24,,61,:08,,30
,,TPE,LAO,18:55,18:57,20:20,20:25,1,1,:23,,1,:30,,54,:47,,62,:38,,31
,,LAO,XMN,21:14,21:16,22:43,22:50,1,1,:27,,1,:36,,56,:14,,64,:14,,32
,,XMN,LAO,0:26,0:30,2:00,2:07,1,1,:30,,1,:41,,57,:44,,65,:55,,33
,N,LAO,TPE,2:51,2:55,4:18,4:22,1,1,:23,,1,:31,,59,:07,,67,:26,,34
,,,,,,,,0,0,:00,,0,:00,,59,:07,,67,:26,,34
,,,,,,,,0,0,:00,,0,:00,,59,:07,,67,:26,,34
,,,,,,,,0,0,:00,,0,:00,,59,:07,,67,:26,,34
,,,,,,,,0,0,:00,,0,:00,,59,:07,,67,:26,,34
,,,,,,,,0,0,:00,,0,:00,,59,:07,,67,:26,,34
,,,,,,,,0,0,:00,,0,:00,,59,:07,,67,:26,,34
,,,,,,,,0,0,:00,,0,:00,,59,:07,,67,:26,,34
,,,,,,,,0,0,:00,,0,:00,,59,:07,,67,:26,,34
,,,,,,,,0,0,:00,,0,:00,,59,:07,,67,:26,,34
T0TAL,wala,,total for the day,,,,,5,7,:26,,8,:10,,59,:07,,67,:26,,34
18-Apr-06,,TPE,LAO,17:50,18:03,19:25,19:30,1,1,:22,,1,:40,,60,:29,,69,:06,,35
,N,LAO,XMN,20:18,20:22,21:53,21:56,1,1,:31,,1,:38,,62,:00,,70,:44,,36
,,XMN,LAO,23:10,23:14,0:48,0:52,1,1,:34,,1,:42,,63,:34,,72,:26,,37
,N,LAO,TPE,1:33,1:38,2:55,3:09,1,1,:17,,1,:36,,64,:51,,74,:02,,38
,,,,,,,,0,0,:00,,0,:00,,64,:51,,74,:02,,38
,,,,,,,,0,0,:00,,0,:00,,64,:51,,74,:02,,38
,,,,,,,,0,0,:00,,0,:00,,64,:51,,74,:02,,38
,,,,,,,,0,0,:00,,0,:00,,64,:51,,74,:02,,38
,,,,,,,,0,0,:00,,0,:00,,64,:51,,74,:02,,38
,,,,,,,,0,0,:00,,0,:00,,64,:51,,74,:02,,38
,,,,,,,,0,0,:00,,0,:00,,64,:51,,74,:02,,38
,,,,,,,,0,0,:00,,0,:00,,64,:51,,74,:02,,38
,,,,,,,,0,0,:00,,0,:00,,64,:51,,74,:02,,38
,,,,,,,,0,0,:00,,0,:00,,64,:51,,74,:02,,38
T0TAL,wala,,total for the day,,,,,4,5,:44,,6,:36,,64,:51,,74,:02,,38
19-Apr-06,N,TPE,LAO,18:07,18:15,19:37,19:42,1,1,:22,,1,:35,,66,:13,,75,:37,,39
,,LAO,XMN,20:24,20:27,21:56,22:02,1,1,:29,,1,:38,,67,:42,,77,:15,,40
,,XMN,LAO,23:27,23:32,1:01,1:03,1,1,:29,,1,:36,,69,:11,,78,:51,,41
,,LAO,TPE,2:06,2:11,3:21,3:31,1,1,:10,,1,:25,,70,:21,,80,:16,,42
,,,,,,,,0,0,:00,,0,:00,,70,:21,,80,:16,,42
,,,,,,,,0,0,:00,,0,:00,,70,:21,,80,:16,,42
,,,,,,,,0,0,:00,,0,:00,,70,:21,,80,:16,,42
,,,,,,,,0,0,:00,,0,:00,,70,:21,,80,:16,,42
,,,,,,,,0,0,:00,,0,:00,,70,:21,,80,:16,,42
,,,,,,,,0,0,:00,,0,:00,,70,:21,,80,:16,,42
,,,,,,,,0,0,:00,,0,:00,,70,:21,,80,:16,,42
,,,,,,,,0,0,:00,,0,:00,,70,:21,,80,:16,,42
,,,,,,,,0,0,:00,,0,:00,,70,:21,,80,:16,,42
,,,,,,,,0,0,:00,,0,:00,,70,:21,,80,:16,,42
T0TAL,wala,,total for the day,,,,,4,5,:30,,6,:14,,70,:21,,80,:16,,42
20-Apr-06,N,TPE,LAO,17:54,18:02,19:38,19:43,1,1,:36,,1,:49,,71,:57,,82,:05,,43
,N,LAO,XMN,20:18,20:23,21:54,22:00,1,1,:31,,1,:42,,73,:28,,83,:47,,44
,,XMN,LAO,23:10,23:15,0:50,0:52,1,1,:35,,1,:42,,75,:03,,85,:29,,45
,,LAO,TPE,1:35,1:38,3:05,3:15,1,1,:27,,1,:40,,76,:30,,87,:09,,46
,,,,,,,,0,0,:00,,0,:00,,76,:30,,87,:09,,46
,,,,,,,,0,0,:00,,0,:00,,76,:30,,87,:09,,46
,,,,,,,,0,0,:00,,0,:00,,76,:30,,87,:09,,46
,,,,,,,,0,0,:00,,0,:00,,76,:30,,87,:09,,46
,,,,,,,,0,0,:00,,0,:00,,76,:30,,87,:09,,46
,,,,,,,,0,0,:00,,0,:00,,76,:30,,87,:09,,46
,,,,,,,,0,0,:00,,0,:00,,76,:30,,87,:09,,46
,,,,,,,,0,0,:00,,0,:00,,76,:30,,87,:09,,46
,,,,,,,,0,0,:00,,0,:00,,76,:30,,87,:09,,46
,,,,,,,,0,0,:00,,0,:00,,76,:30,,87,:09,,46
T0TAL,wala,,total for the day,,,,,4,6,:09,,6,:53,,76,:30,,87,:09,,46
21-Apr-06,N,TPE,LAO,21:51,22:02,23:25,23:30,1,1,:23,,1,:39,,77,:53,,88,:48,,47
,,LAO,XMN,0:06,0:10,1:45,1:49,1,1,:35,,1,:43,,79,:28,,90,:31,,48
,,XMN,LAO,4:42,4:52,6:25,6:29,1,1,:33,,1,:47,,81,:01,,92,:18,,49
,,LAO,TPE,6:52,6:57,8:18,8:26,1,1,:21,,1,:34,,82,:22,,93,:52,,50
,,,,,,,,0,0,:00,,0,:00,,82,:22,,93,:52,,50
,,,,,,,,0,0,:00,,0,:00,,82,:22,,93,:52,,50
,,,,,,,,0,0,:00,,0,:00,,82,:22,,93,:52,,50
,,,,,,,,0,0,:00,,0,:00,,82,:22,,93,:52,,50
,,,,,,,,0,0,:00,,0,:00,,82,:22,,93,:52,,50
,,,,,,,,0,0,:00,,0,:00,,82,:22,,93,:52,,50
,,,,,,,,0,0,:00,,0,:00,,82,:22,,93,:52,,50
,,,,,,,,0,0,:00,,0,:00,,82,:22,,93,:52,,50
,,,,,,,,0,0,:00,,0,:00,,82,:22,,93,:52,,50
,,,,,,,,0,0,:00,,0,:00,,82,:22,,93,:52,,50
T0TAL,wala,,total for the day,,,,,4,5,:52,,6,:43,,82,:22,,93,:52,,50
22-Apr-06,N,TPE,CRK,20:46,20:50,22:33,22:38,1,1,:43,,1,:52,,84,:05,,95,:44,,51
,N,,,,,,,0,0,:00,,0,:00,,84,:05,,95,:44,,51
,N,,,,,,,0,0,:00,,0,:00,,84,:05,,95,:44,,51
,N,,,,,,,0,0,:00,,0,:00,,84,:05,,95,:44,,51
,,,,,,,,0,0,:00,,0,:00,,84,:05,,95,:44,,51
,,,,,,,,0,0,:00,,0,:00,,84,:05,,95,:44,,51
,,,,,,,,0,0,:00,,0,:00,,84,:05,,95,:44,,51
,,,,,,,,0,0,:00,,0,:00,,84,:05,,95,:44,,51
,,,,,,,,0,0,:00,,0,:00,,84,:05,,95,:44,,51
,,,,,,,,0,0,:00,,0,:00,,84,:05,,95,:44,,51
,,,,,,,,0,0,:00,,0,:00,,84,:05,,95,:44,,51
,,,,,,,,0,0,:00,,0,:00,,84,:05,,95,:44,,51
,,,,,,,,0,0,:00,,0,:00,,84,:05,,95,:44,,51
,,,,,,,,0,0,:00,,0,:00,,84,:05,,95,:44,,51
T0TAL,wala,,total for the day,,,,,1,1,:43,,1,:52,,84,:05,,95,:44,,51
25-Apr-06,N,CRK,TPE,20:57,21:03,22:40,22:46,1,1,:37,,1,:49,,85,:42,,97,:33,,52
,,TPE,LAO,23:42,23:49,1:03,1:07,1,1,:14,,1,:25,,86,:56,,98,:58,,53
,,LAO,XMN,1:40,1:44,3:14,3:20,1,1,:30,,1,:40,,88,:26,,100,:38,,54
,,XMN,CRK,11:40,11:48,13:40,13:46,1,1,:52,,2,:06,,90,:18,,102,:44,,55
,N,,,,,,,0,0,:00,,0,:00,,90,:18,,102,:44,,55
,,,,,,,,0,0,:00,,0,:00,,90,:18,,102,:44,,55
,,,,,,,,0,0,:00,,0,:00,,90,:18,,102,:44,,55
,,,,,,,,0,0,:00,,0,:00,,90,:18,,102,:44,,55
,,,,,,,,0,0,:00,,0,:00,,90,:18,,102,:44,,55
,,,,,,,,0,0,:00,,0,:00,,90,:18,,102,:44,,55
,,,,,,,,0,0,:00,,0,:00,,90,:18,,102,:44,,55
,,,,,,,,0,0,:00,,0,:00,,90,:18,,102,:44,,55
,,,,,,,,0,0,:00,,0,:00,,90,:18,,102,:44,,55
,,,,,,,,0,0,:00,,0,:00,,90,:18,,102,:44,,55
T0TAL,wala,,total for the day,,,,,4,6,:13,,7,:00,,90,:18,,102,:44,,55
26-Apr-06,N,CRK,TPE,17:56,18:01,19:50,19:55,1,1,:49,,1,:59,,92,:07,,104,:43,,56
,,TPE,LAO,20:51,20:53,22:08,22:11,1,1,:15,,1,:20,,93,:22,,106,:03,,57
,,LAO,XMN,22:30,22:36,0:04,0:08,1,1,:28,,1,:38,,94,:50,,107,:41,,58
,,XMN,CRK,11:35,11:51,13:45,13:49,1,1,:54,,2,:14,,96,:44,,109,:55,,59
,N,,,,,,,0,0,:00,,0,:00,,96,:44,,109,:55,,59
,,,,,,,,0,0,:00,,0,:00,,96,:44,,109,:55,,59
,,,,,,,,0,0,:00,,0,:00,,96,:44,,109,:55,,59
,,,,,,,,0,0,:00,,0,:00,,96,:44,,109,:55,,59
,,,,,,,,0,0,:00,,0,:00,,96,:44,,109,:55,,59
,,,,,,,,0,0,:00,,0,:00,,96,:44,,109,:55,,59
,,,,,,,,0,0,:00,,0,:00,,96,:44,,109,:55,,59
,,,,,,,,0,0,:00,,0,:00,,96,:44,,109,:55,,59
,,,,,,,,0,0,:00,,0,:00,,96,:44,,109,:55,,59
,,,,,,,,0,0,:00,,0,:00,,96,:44,,109,:55,,59
T0TAL,wala,,total for the day,,,,,4,6,:26,,7,:11,,96,:44,,109,:55,,59
27-Apr-06,N,CRK,TPE,18:07,18:15,19:56,20:07,1,1,:41,,2,:00,,98,:25,,111,:55,,60
,,TPE,LAO,21:05,21:09,22:30,22:35,1,1,:21,,1,:30,,99,:46,,113,:25,,61
,,LAO,XMN,23:03,23:07,0:34,0:39,1,1,:27,,1,:36,,101,:13,,115,:01,,62
,N,XMN,CRK,11:53,12:00,13:50,13:57,1,1,:50,,2,:04,,103,:03,,117,:05,,63
,,,,,,,,0,0,:00,,0,:00,,103,:03,,117,:05,,63
,,,,,,,,0,0,:00,,0,:00,,103,:03,,117,:05,,63
,,,,,,,,0,0,:00,,0,:00,,103,:03,,117,:05,,63
,,,,,,,,0,0,:00,,0,:00,,103,:03,,117,:05,,63
,,,,,,,,0,0,:00,,0,:00,,103,:03,,117,:05,,63
,,,,,,,,0,0,:00,,0,:00,,103,:03,,117,:05,,63
,,,,,,,,0,0,:00,,0,:00,,103,:03,,117,:05,,63
,,,,,,,,0,0,:00,,0,:00,,103,:03,,117,:05,,63
,,,,,,,,0,0,:00,,0,:00,,103,:03,,117,:05,,63
,,,,,,,,0,0,:00,,0,:00,,103,:03,,117,:05,,63
T0TAL,wala,,total for the day,,,,,4,6,:19,,7,:10,,103,:03,,117,:05,,63
28-Apr-06,N,CRK,TPE,17:58,18:01,19:45,19:47,1,1,:44,,1,:49,,104,:47,,118,:54,,64
,,TPE,LAO,20:54,21:02,22:18,22:21,1,1,:16,,1,:27,,106,:03,,120,:21,,65
,,LAO,XMN,22:46,22:50,0:24,0:26,1,1,:34,,1,:40,,107,:37,,122,:01,,66
,,XMN,CRK,11:40,11:52,13:48,13:52,1,1,:56,,2,:12,,109,:33,,124,:13,,67
,N,,,,,,,0,0,:00,,0,:00,,109,:33,,124,:13,,67
,,,,,,,,0,0,:00,,0,:00,,109,:33,,124,:13,,67
,,,,,,,,0,0,:00,,0,:00,,109,:33,,124,:13,,67
,,,,,,,,0,0,:00,,0,:00,,109,:33,,124,:13,,67
,,,,,,,,0,0,:00,,0,:00,,109,:33,,124,:13,,67
,,,,,,,,0,0,:00,,0,:00,,109,:33,,124,:13,,67
,,,,,,,,0,0,:00,,0,:00,,109,:33,,124,:13,,67
,,,,,,,,0,0,:00,,0,:00,,109,:33,,124,:13,,67
,,,,,,,,0,0,:00,,0,:00,,109,:33,,124,:13,,67
,,,,,,,,0,0,:00,,0,:00,,109,:33,,124,:13,,67
T0TAL,wala,,total for the day,,,,,4,6,:30,,7,:08,,109,:33,,124,:13,,67
29-Apr-06,N,CRK,TPE,17:37,17:50,19:30,19:41,1,1,:40,,2,:04,,111,:13,,126,:17,,68
,,TPE,LAO,20:37,20:41,22:00,22:05,1,1,:19,,1,:28,,112,:32,,127,:45,,69
,,LAO,XMN,22:52,22:57,0:26,0:32,1,1,:29,,1,:40,,114,:01,,129,:25,,70
,,XMN,LAO,11:58,12:09,13:43,13:47,1,1,:34,,1,:49,,115,:35,,131,:14,,71
,,,,,,,,0,0,:00,,0,:00,,115,:35,,131,:14,,71
,,,,,,,,0,0,:00,,0,:00,,115,:35,,131,:14,,71
,,,,,,,,0,0,:00,,0,:00,,115,:35,,131,:14,,71
,,,,,,,,0,0,:00,,0,:00,,115,:35,,131,:14,,71
,,,,,,,,0,0,:00,,0,:00,,115,:35,,131,:14,,71
,,,,,,,,0,0,:00,,0,:00,,115,:35,,131,:14,,71
,,,,,,,,0,0,:00,,0,:00,,115,:35,,131,:14,,71
,,,,,,,,0,0,:00,,0,:00,,115,:35,,131,:14,,71
,,,,,,,,0,0,:00,,0,:00,,115,:35,,131,:14,,71
,,,,,,,,0,0,:00,,0,:00,,115,:35,,131,:14,,71
T0TAL,wala,,total for the day,,,,,4,6,:02,,7,:01,,115,:35,,131,:14,,71
30-Apr-06,N,LAO,TPE,14:27,14:32,15:48,16:07,1,1,:16,,1,:40,,116,:51,,132,:54,,72
,N,TPE,CRK,16:47,16:50,18:34,18:40,1,1,:44,,1,:53,,118,:35,,134,:47,,73
,N,,,,,,,0,0,:00,,0,:00,,118,:35,,134,:47,,73
,N,,,,,,,0,0,:00,,0,:00,,118,:35,,134,:47,,73
,N,,,,,,,0,0,:00,,0,:00,,118,:35,,134,:47,,73
,N,,,,,,,0,0,:00,,0,:00,,118,:35,,134,:47,,73
,N,,,,,,,0,0,:00,,0,:00,,118,:35,,134,:47,,73
,N,,,,,,,0,0,:00,,0,:00,,118,:35,,134,:47,,73
,N,,,,,,,0,0,:00,,0,:00,,118,:35,,134,:47,,73
,N,,,,,,,0,0,:00,,0,:00,,118,:35,,134,:47,,73
,N,,,,,,,0,0,:00,,0,:00,,118,:35,,134,:47,,73
,N,,,,,,,0,0,:00,,0,:00,,118,:35,,134,:47,,73
,,,,,,,,0,0,:00,,0,:00,,118,:35,,134,:47,,73
,,,,,,,,0,0,:00,,0,:00,,118,:35,,134,:47,,73
T0TAL,wala,,total for the day,,,,,2,3,:00,,3,:33,,118,:35,,134,:47,,73
08-Aug-06,N,CRK,LCL,6:20,6:33,6:40,6:45,1,0,:07,,0,:25,,118,:42,,135,:12,,74
,N,,,,,,,0,0,:00,,0,:00,,118,:42,,135,:12,,74
,,,,,,,,0,0,:00,,0,:00,,118,:42,,135,:12,,74
,,,,,,,,0,0,:00,,0,:00,,118,:42,,135,:12,,74
,,,,,,,,0,0,:00,,0,:00,,118,:42,,135,:12,,74
,,,,,,,,0,0,:00,,0,:00,,118,:42,,135,:12,,74
,,,,,,,,0,0,:00,,0,:00,,118,:42,,135,:12,,74
,,,,,,,,0,0,:00,,0,:00,,118,:42,,135,:12,,74
,,,,,,,,0,0,:00,,0,:00,,118,:42,,135,:12,,74
,,,,,,,,0,0,:00,,0,:00,,118,:42,,135,:12,,74
,,,,,,,,0,0,:00,,0,:00,,118,:42,,135,:12,,74
,,,,,,,,0,0,:00,,0,:00,,118,:42,,135,:12,,74
,,,,,,,,0,0,:00,,0,:00,,118,:42,,135,:12,,74
,,,,,,,,0,0,:00,,0,:00,,118,:42,,135,:12,,74
T0TAL,wala,,total for the day,,,,,1,,:07,,,:25,,118,:42,,135,:12,,74
09-Aug-06,N,CRK,LCL,1:45,1:52,2:05,2:10,1,0,:13,,0,:25,,118,:55,,135,:37,,75
,N,,,,,,,0,0,:00,,0,:00,,118,:55,,135,:37,,75
,N,,,,,,,0,0,:00,,0,:00,,118,:55,,135,:37,,75
,N,,,,,,,0,0,:00,,0,:00,,118,:55,,135,:37,,75
,,,,,,,,0,0,:00,,0,:00,,118,:55,,135,:37,,75
,,,,,,,,0,0,:00,,0,:00,,118,:55,,135,:37,,75
,,,,,,,,0,0,:00,,0,:00,,118,:55,,135,:37,,75
,,,,,,,,0,0,:00,,0,:00,,118,:55,,135,:37,,75
,,,,,,,,0,0,:00,,0,:00,,118,:55,,135,:37,,75
,,,,,,,,0,0,:00,,0,:00,,118,:55,,135,:37,,75
,,,,,,,,0,0,:00,,0,:00,,118,:55,,135,:37,,75
,,,,,,,,0,0,:00,,0,:00,,118,:55,,135,:37,,75
,,,,,,,,0,0,:00,,0,:00,,118,:55,,135,:37,,75
,,,,,,,,0,0,:00,,0,:00,,118,:55,,135,:37,,75
T0TAL,wala,,total for the day,,,,,1,,:13,,,:25,,118,:55,,135,:37,,75
19-Sep-06,N,CRK,LCL,16:47,17:05,17:11,17:16,1,0,:06,,0,:29,,119,:01,,136,:06,,76
,,,,,,,,0,0,:00,,0,:00,,119,:01,,136,:06,,76
,,,,,,,,0,0,:00,,0,:00,,119,:01,,136,:06,,76
,,,,,,,,0,0,:00,,0,:00,,119,:01,,136,:06,,76
,,,,,,,,0,0,:00,,0,:00,,119,:01,,136,:06,,76
,,,,,,,,0,0,:00,,0,:00,,119,:01,,136,:06,,76
,,,,,,,,0,0,:00,,0,:00,,119,:01,,136,:06,,76
,,,,,,,,0,0,:00,,0,:00,,119,:01,,136,:06,,76
,,,,,,,,0,0,:00,,0,:00,,119,:01,,136,:06,,76
,,,,,,,,0,0,:00,,0,:00,,119,:01,,136,:06,,76
,,,,,,,,0,0,:00,,0,:00,,119,:01,,136,:06,,76
,,,,,,,,0,0,:00,,0,:00,,119,:01,,136,:06,,76
,,,,,,,,0,0,:00,,0,:00,,119,:01,,136,:06,,76
,,,,,,,,0,0,:00,,0,:00,,119,:01,,136,:06,,76
T0TAL,wala,,total for the day,,,,,1,,:06,,,:29,,119,:01,,136,:06,,76
20-Sep-06,N,CRK,LCL,8:28,8:32,9:12,9:18,1,0,:40,,0,:50,,119,:41,,136,:56,,77
,N,,,,,,,0,0,:00,,0,:00,,119,:41,,136,:56,,77
,,,,,,,,0,0,:00,,0,:00,,119,:41,,136,:56,,77
,,,,,,,,0,0,:00,,0,:00,,119,:41,,136,:56,,77
,,,,,,,,0,0,:00,,0,:00,,119,:41,,136,:56,,77
,,,,,,,,0,0,:00,,0,:00,,119,:41,,136,:56,,77
,,,,,,,,0,0,:00,,0,:00,,119,:41,,136,:56,,77
,,,,,,,,0,0,:00,,0,:00,,119,:41,,136,:56,,77
,,,,,,,,0,0,:00,,0,:00,,119,:41,,136,:56,,77
,,,,,,,,0,0,:00,,0,:00,,119,:41,,136,:56,,77
,,,,,,,,0,0,:00,,0,:00,,119,:41,,136,:56,,77
,,,,,,,,0,0,:00,,0,:00,,119,:41,,136,:56,,77
,,,,,,,,0,0,:00,,0,:00,,119,:41,,136,:56,,77
,,,,,,,,0,0,:00,,0,:00,,119,:41,,136,:56,,77
T0TAL,wala,,total for the day,,,,,1,,:40,,,:50,,119,:41,,136,:56,,77
21-Sep-06,N,CRK,LCL,2:50,2:57,3:26,3:31,1,0,:29,,0,:41,,120,:10,,137,:37,,78
,,CRK,LCL,3:37,3:46,4:22,4:27,1,0,:36,,0,:50,,120,:46,,138,:27,,79
,N,,,,,,,0,0,:00,,0,:00,,120,:46,,138,:27,,79
,N,,,,,,,0,0,:00,,0,:00,,120,:46,,138,:27,,79
,,,,,,,,0,0,:00,,0,:00,,120,:46,,138,:27,,79
,,,,,,,,0,0,:00,,0,:00,,120,:46,,138,:27,,79
,,,,,,,,0,0,:00,,0,:00,,120,:46,,138,:27,,79
,,,,,,,,0,0,:00,,0,:00,,120,:46,,138,:27,,79
,,,,,,,,0,0,:00,,0,:00,,120,:46,,138,:27,,79
,,,,,,,,0,0,:00,,0,:00,,120,:46,,138,:27,,79
,,,,,,,,0,0,:00,,0,:00,,120,:46,,138,:27,,79
,,,,,,,,0,0,:00,,0,:00,,120,:46,,138,:27,,79
,,,,,,,,0,0,:00,,0,:00,,120,:46,,138,:27,,79
,,,,,,,,0,0,:00,,0,:00,,120,:46,,138,:27,,79
T0TAL,wala,,total for the day,,,,,2,1,:05,,1,:31,,120,:46,,138,:27,,79
04-Oct-06,N,CRK,LCL,3:05,3:27,3:52,3:55,1,0,:25,,0,:50,,121,:11,,139,:17,,80
,N,,,,,,,0,0,:00,,0,:00,,121,:11,,139,:17,,80
,N,,,,,,,0,0,:00,,0,:00,,121,:11,,139,:17,,80
,,,,,,,,0,0,:00,,0,:00,,121,:11,,139,:17,,80
,,,,,,,,0,0,:00,,0,:00,,121,:11,,139,:17,,80
,,,,,,,,0,0,:00,,0,:00,,121,:11,,139,:17,,80
,,,,,,,,0,0,:00,,0,:00,,121,:11,,139,:17,,80
,,,,,,,,0,0,:00,,0,:00,,121,:11,,139,:17,,80
,,,,,,,,0,0,:00,,0,:00,,121,:11,,139,:17,,80
,,,,,,,,0,0,:00,,0,:00,,121,:11,,139,:17,,80
,,,,,,,,0,0,:00,,0,:00,,121,:11,,139,:17,,80
,,,,,,,,0,0,:00,,0,:00,,121,:11,,139,:17,,80
,,,,,,,,0,0,:00,,0,:00,,121,:11,,139,:17,,80
,,,,,,,,0,0,:00,,0,:00,,121,:11,,139,:17,,80
T0TAL,wala,,total for the day,,,,,1,,:25,,,:50,,121,:11,,139,:17,,80
06-Oct-06,N,CRK,,3:23,3:32,3:32,3:46,0,0,:00,,0,:23,,121,:11,,139,:40,,80
,,,,,,,,0,0,:00,,0,:00,,121,:11,,139,:40,,80
,,,,,,,,0,0,:00,,0,:00,,121,:11,,139,:40,,80
,,,,,,,,0,0,:00,,0,:00,,121,:11,,139,:40,,80
,,,,,,,,0,0,:00,,0,:00,,121,:11,,139,:40,,80
,,,,,,,,0,0,:00,,0,:00,,121,:11,,139,:40,,80
,,,,,,,,0,0,:00,,0,:00,,121,:11,,139,:40,,80
,,,,,,,,0,0,:00,,0,:00,,121,:11,,139,:40,,80
,,,,,,,,0,0,:00,,0,:00,,121,:11,,139,:40,,80
,,,,,,,,0,0,:00,,0,:00,,121,:11,,139,:40,,80
,,,,,,,,0,0,:00,,0,:00,,121,:11,,139,:40,,80
,,,,,,,,0,0,:00,,0,:00,,121,:11,,139,:40,,80
,,,,,,,,0,0,:00,,0,:00,,121,:11,,139,:40,,80
,,,,,,,,0,0,:00,,0,:00,,121,:11,,139,:40,,80
T0TAL,wala,,total for the day,,,,,0,,:00,,,:23,,121,:11,,139,:40,,80
09-Oct-06,N,CRK,LCL,6:55,7:10,7:50,7:55,1,0,:40,,1,:00,,121,:51,,140,:40,,81
,,,,,,,,0,0,:00,,0,:00,,121,:51,,140,:40,,81
,,,,,,,,0,0,:00,,0,:00,,121,:51,,140,:40,,81
,,,,,,,,0,0,:00,,0,:00,,121,:51,,140,:40,,81
,,,,,,,,0,0,:00,,0,:00,,121,:51,,140,:40,,81
,,,,,,,,0,0,:00,,0,:00,,121,:51,,140,:40,,81
,,,,,,,,0,0,:00,,0,:00,,121,:51,,140,:40,,81
,,,,,,,,0,0,:00,,0,:00,,121,:51,,140,:40,,81
,,,,,,,,0,0,:00,,0,:00,,121,:51,,140,:40,,81
,,,,,,,,0,0,:00,,0,:00,,121,:51,,140,:40,,81
,,,,,,,,0,0,:00,,0,:00,,121,:51,,140,:40,,81
,,,,,,,,0,0,:00,,0,:00,,121,:51,,140,:40,,81
,,,,,,,,0,0,:00,,0,:00,,121,:51,,140,:40,,81
,,,,,,,,0,0,:00,,0,:00,,121,:51,,140,:40,,81
T0TAL,wala,,total for the day,,,,,1,,:40,,1,:00,,121,:51,,140,:40,,81
12-Oct-06,N,CRK,TPE,17:20,17:34,19:13,19:18,1,1,:39,,1,:58,,123,:30,,142,:38,,82
,,TPE,LAO,20:46,21:11,22:27,22:32,1,1,:16,,1,:46,,124,:46,,144,:24,,83
,,LAO,SZX,23:13,23:19,0:45,0:48,1,1,:26,,1,:35,,126,:12,,145,:59,,84
,,,,,,,,0,0,:00,,0,:00,,126,:12,,145,:59,,84
,,,,,,,,0,0,:00,,0,:00,,126,:12,,145,:59,,84
,,,,,,,,0,0,:00,,0,:00,,126,:12,,145,:59,,84
,,,,,,,,0,0,:00,,0,:00,,126,:12,,145,:59,,84
,,,,,,,,0,0,:00,,0,:00,,126,:12,,145,:59,,84
,,,,,,,,0,0,:00,,0,:00,,126,:12,,145,:59,,84
,,,,,,,,0,0,:00,,0,:00,,126,:12,,145,:59,,84
,,,,,,,,0,0,:00,,0,:00,,126,:12,,145,:59,,84
,,,,,,,,0,0,:00,,0,:00,,126,:12,,145,:59,,84
,,,,,,,,0,0,:00,,0,:00,,126,:12,,145,:59,,84
,,,,,,,,0,0,:00,,0,:00,,126,:12,,145,:59,,84
T0TAL,wala,,total for the day,,,,,3,4,:21,,5,:19,,126,:12,,145,:59,,84
13-Oct-06,N,SZX,LAO,13:35,13:43,15:14,15:18,1,1,:31,,1,:43,,127,:43,,147,:42,,85
,,LAO,TPE,16:00,16:07,17:21,17:30,1,1,:14,,1,:30,,128,:57,,149,:12,,86
,,TPE,LAO,20:56,21:10,22:23,22:28,1,1,:13,,1,:32,,130,:10,,150,:44,,87
,N,LAO,SZX,23:05,23:10,0:34,0:38,1,1,:24,,1,:33,,131,:34,,152,:17,,88
,,,,,,,,0,0,:00,,0,:00,,131,:34,,152,:17,,88
,,,,,,,,0,0,:00,,0,:00,,131,:34,,152,:17,,88
,,,,,,,,0,0,:00,,0,:00,,131,:34,,152,:17,,88
,,,,,,,,0,0,:00,,0,:00,,131,:34,,152,:17,,88
,,,,,,,,0,0,:00,,0,:00,,131,:34,,152,:17,,88
,,,,,,,,0,0,:00,,0,:00,,131,:34,,152,:17,,88
,,,,,,,,0,0,:00,,0,:00,,131,:34,,152,:17,,88
,,,,,,,,0,0,:00,,0,:00,,131,:34,,152,:17,,88
,,,,,,,,0,0,:00,,0,:00,,131,:34,,152,:17,,88
,,,,,,,,0,0,:00,,0,:00,,131,:34,,152,:17,,88
T0TAL,wala,,total for the day,,,,,4,5,:22,,6,:18,,131,:34,,152,:17,,88
14-Oct-06,N,SZX,LAO,13:12,13:56,15:21,15:25,1,1,:25,,2,:13,,132,:59,,154,:30,,89
,N,LAO,TPE,16:05,16:10,17:20,17:27,1,1,:10,,1,:22,,134,:09,,155,:52,,90
,,TPE,LAO,22:37,22:47,0:05,0:09,1,1,:18,,1,:32,,135,:27,,157,:24,,91
,N,LAO,SZX,0:45,0:50,2:15,2:20,1,1,:25,,1,:35,,136,:52,,158,:59,,92
,,,,,,,,0,0,:00,,0,:00,,136,:52,,158,:59,,92
,,,,,,,,0,0,:00,,0,:00,,136,:52,,158,:59,,92
,,,,,,,,0,0,:00,,0,:00,,136,:52,,158,:59,,92
,,,,,,,,0,0,:00,,0,:00,,136,:52,,158,:59,,92
,,,,,,,,0,0,:00,,0,:00,,136,:52,,158,:59,,92
,,,,,,,,0,0,:00,,0,:00,,136,:52,,158,:59,,92
,,,,,,,,0,0,:00,,0,:00,,136,:52,,158,:59,,92
,,,,,,,,0,0,:00,,0,:00,,136,:52,,158,:59,,92
,,,,,,,,0,0,:00,,0,:00,,136,:52,,158,:59,,92
,,,,,,,,0,0,:00,,0,:00,,136,:52,,158,:59,,92
T0TAL,wala,,total for the day,,,,,4,5,:18,,6,:42,,136,:52,,158,:59,,92
15-Oct-06,N,SZX,LAO,18:12,18:23,19:50,19:55,1,1,:27,,1,:43,,138,:19,,160,:42,,93
,N,LAO,TPE,20:38,20:47,22:08,22:13,1,1,:21,,1,:35,,139,:40,,162,:17,,94
,N,TPE,LAO,0:52,1:16,2:33,2:36,1,1,:17,,1,:44,,140,:57,,164,:01,,95
,N,LAO,SZX,3:15,3:20,4:44,4:46,1,1,:24,,1,:31,,142,:21,,165,:32,,96
,N,,,,,,,0,0,:00,,0,:00,,142,:21,,165,:32,,96
,N,,,,,,,0,0,:00,,0,:00,,142,:21,,165,:32,,96
,,,,,,,,0,0,:00,,0,:00,,142,:21,,165,:32,,96
,,,,,,,,0,0,:00,,0,:00,,142,:21,,165,:32,,96
,,,,,,,,0,0,:00,,0,:00,,142,:21,,165,:32,,96
,,,,,,,,0,0,:00,,0,:00,,142,:21,,165,:32,,96
,,,,,,,,0,0,:00,,0,:00,,142,:21,,165,:32,,96
,,,,,,,,0,0,:00,,0,:00,,142,:21,,165,:32,,96
,,,,,,,,0,0,:00,,0,:00,,142,:21,,165,:32,,96
,,,,,,,,0,0,:00,,0,:00,,142,:21,,165,:32,,96
T0TAL,wala,,total for the day,,,,,4,5,:29,,6,:33,,142,:21,,165,:32,,96
17-Oct-06,N,SZX,LAO,21:14,21:18,22:51,22:56,1,1,:33,,1,:42,,143,:54,,167,:14,,97
,N,LAO,TPE,23:45,23:52,1:14,1:18,1,1,:22,,1,:33,,145,:16,,168,:47,,98
,,TPE,LAO,5:45,6:00,7:13,7:18,1,1,:13,,1,:33,,146,:29,,170,:20,,99
,N,LAO,SZX,8:02,8:07,9:35,9:38,1,1,:28,,1,:36,,147,:57,,171,:56,,100
,,,,,,,,0,0,:00,,0,:00,,147,:57,,171,:56,,100
,,,,,,,,0,0,:00,,0,:00,,147,:57,,171,:56,,100
,,,,,,,,0,0,:00,,0,:00,,147,:57,,171,:56,,100
,,,,,,,,0,0,:00,,0,:00,,147,:57,,171,:56,,100
,,,,,,,,0,0,:00,,0,:00,,147,:57,,171,:56,,100
,,,,,,,,0,0,:00,,0,:00,,147,:57,,171,:56,,100
,,,,,,,,0,0,:00,,0,:00,,147,:57,,171,:56,,100
,,,,,,,,0,0,:00,,0,:00,,147,:57,,171,:56,,100
,,,,,,,,0,0,:00,,0,:00,,147,:57,,171,:56,,100
,,,,,,,,0,0,:00,,0,:00,,147,:57,,171,:56,,100
T0TAL,wala,,total for the day,,,,,4,5,:36,,6,:24,,147,:57,,171,:56,,100
18-Oct-06,N,SZX,LAO,21:13,21:19,22:43,22:48,1,1,:24,,1,:35,,149,:21,,173,:31,,101
,,LAO,TPE,23:17,23:22,0:33,0:40,1,1,:11,,1,:23,,150,:32,,174,:54,,102
,,TPE,LAO,4:35,4:48,6:07,6:12,1,1,:19,,1,:37,,151,:51,,176,:31,,103
,,LAO,SZX,7:04,7:10,8:37,8:42,1,1,:27,,1,:38,,153,:18,,178,:09,,104
,,,,,,,,0,0,:00,,0,:00,,153,:18,,178,:09,,104
,,,,,,,,0,0,:00,,0,:00,,153,:18,,178,:09,,104
,,,,,,,,0,0,:00,,0,:00,,153,:18,,178,:09,,104
,,,,,,,,0,0,:00,,0,:00,,153,:18,,178,:09,,104
,,,,,,,,0,0,:00,,0,:00,,153,:18,,178,:09,,104
,,,,,,,,0,0,:00,,0,:00,,153,:18,,178,:09,,104
,,,,,,,,0,0,:00,,0,:00,,153,:18,,178,:09,,104
,,,,,,,,0,0,:00,,0,:00,,153,:18,,178,:09,,104
,,,,,,,,0,0,:00,,0,:00,,153,:18,,178,:09,,104
,,,,,,,,0,0,:00,,0,:00,,153,:18,,178,:09,,104
T0TAL,wala,,total for the day,,,,,4,5,:21,,6,:13,,153,:18,,178,:09,,104
19-Oct-06,N,SZX,LAO,22:12,22:21,23:46,23:50,1,1,:25,,1,:38,,154,:43,,179,:47,,105
,,LAO,TPE,0:22,0:30,1:44,1:47,1,1,:14,,1,:25,,155,:57,,181,:12,,106
,,TPE,LAO,4:38,4:49,6:05,6:09,1,1,:16,,1,:31,,157,:13,,182,:43,,107
,,LAO,SZX,6:42,6:46,8:06,8:10,1,1,:20,,1,:28,,158,:33,,184,:11,,108
,N,,,,,,,0,0,:00,,0,:00,,158,:33,,184,:11,,108
,N,,,,,,,0,0,:00,,0,:00,,158,:33,,184,:11,,108
,,,,,,,,0,0,:00,,0,:00,,158,:33,,184,:11,,108
,,,,,,,,0,0,:00,,0,:00,,158,:33,,184,:11,,108
,,,,,,,,0,0,:00,,0,:00,,158,:33,,184,:11,,108
,,,,,,,,0,0,:00,,0,:00,,158,:33,,184,:11,,108
,,,,,,,,0,0,:00,,0,:00,,158,:33,,184,:11,,108
,,,,,,,,0,0,:00,,0,:00,,158,:33,,184,:11,,108
,,,,,,,,0,0,:00,,0,:00,,158,:33,,184,:11,,108
,,,,,,,,0,0,:00,,0,:00,,158,:33,,184,:11,,108
T0TAL,wala,,total for the day,,,,,4,5,:15,,6,:02,,158,:33,,184,:11,,108
20-Oct-06,N,SZX,LAO,13:22,13:30,15:00,15:05,1,1,:30,,1,:43,,160,:03,,185,:54,,109
,,LAO,TPE,23:59,0:05,1:20,1:24,1,1,:15,,1,:25,,161,:18,,187,:19,,110
,,TPE,LAO,20:22,20:30,21:43,21:47,1,1,:13,,1,:25,,162,:31,,188,:44,,111
,,LAO,SZX,22:15,22:20,23:45,23:48,1,1,:25,,1,:33,,163,:56,,190,:17,,112
,,,,,,,,0,0,:00,,0,:00,,163,:56,,190,:17,,112
,,,,,,,,0,0,:00,,0,:00,,163,:56,,190,:17,,112
,,,,,,,,0,0,:00,,0,:00,,163,:56,,190,:17,,112
,,,,,,,,0,0,:00,,0,:00,,163,:56,,190,:17,,112
,,,,,,,,0,0,:00,,0,:00,,163,:56,,190,:17,,112
,,,,,,,,0,0,:00,,0,:00,,163,:56,,190,:17,,112
,,,,,,,,0,0,:00,,0,:00,,163,:56,,190,:17,,112
,,,,,,,,0,0,:00,,0,:00,,163,:56,,190,:17,,112
,,,,,,,,0,0,:00,,0,:00,,163,:56,,190,:17,,112
,,,,,,,,0,0,:00,,0,:00,,163,:56,,190,:17,,112
T0TAL,wala,,total for the day,,,,,4,5,:23,,6,:06,,163,:56,,190,:17,,112
21-Oct-06,N,SZX,LAO,21:04,21:14,22:48,22:51,1,1,:34,,1,:47,,165,:30,,192,:04,,113
,,LAO,TPE,23:45,23:51,1:06,1:10,1,1,:15,,1,:25,,166,:45,,193,:29,,114
,,TPE,LAO,5:31,5:42,6:54,6:59,1,1,:12,,1,:28,,167,:57,,194,:57,,115
,,LAO,SZX,23:45,23:49,1:12,1:16,1,1,:23,,1,:31,,169,:20,,196,:28,,116
,,,,,,,,0,0,:00,,0,:00,,169,:20,,196,:28,,116
,,,,,,,,0,0,:00,,0,:00,,169,:20,,196,:28,,116
,,,,,,,,0,0,:00,,0,:00,,169,:20,,196,:28,,116
,,,,,,,,0,0,:00,,0,:00,,169,:20,,196,:28,,116
,,,,,,,,0,0,:00,,0,:00,,169,:20,,196,:28,,116
,,,,,,,,0,0,:00,,0,:00,,169,:20,,196,:28,,116
,,,,,,,,0,0,:00,,0,:00,,169,:20,,196,:28,,116
,,,,,,,,0,0,:00,,0,:00,,169,:20,,196,:28,,116
,,,,,,,,0,0,:00,,0,:00,,169,:20,,196,:28,,116
,,,,,,,,0,0,:00,,0,:00,,169,:20,,196,:28,,116
T0TAL,wala,,total for the day,,,,,4,5,:24,,6,:11,,169,:20,,196,:28,,116
22-Oct-06,N,SZX,LAO,18:56,19:05,20:30,20:33,1,1,:25,,1,:37,,170,:45,,198,:05,,117
,,LAO,TPE,21:13,21:18,22:34,22:36,1,1,:16,,1,:23,,172,:01,,199,:28,,118
,,TPE,LAO,0:05,0:08,1:23,1:26,1,1,:15,,1,:21,,173,:16,,200,:49,,119
,,LAO,SZX,1:54,2:00,3:20,3:23,1,1,:20,,1,:29,,174,:36,,202,:18,,120
,,,,,,,,0,0,:00,,0,:00,,174,:36,,202,:18,,120
,,,,,,,,0,0,:00,,0,:00,,174,:36,,202,:18,,120
,,,,,,,,0,0,:00,,0,:00,,174,:36,,202,:18,,120
,,,,,,,,0,0,:00,,0,:00,,174,:36,,202,:18,,120
,,,,,,,,0,0,:00,,0,:00,,174,:36,,202,:18,,120
,,,,,,,,0,0,:00,,0,:00,,174,:36,,202,:18,,120
,,,,,,,,0,0,:00,,0,:00,,174,:36,,202,:18,,120
,,,,,,,,0,0,:00,,0,:00,,174,:36,,202,:18,,120
,,,,,,,,0,0,:00,,0,:00,,174,:36,,202,:18,,120
,,,,,,,,0,0,:00,,0,:00,,174,:36,,202,:18,,120
T0TAL,wala,,total for the day,,,,,4,5,:16,,5,:50,,174,:36,,202,:18,,120
24-Oct-06,N,SZX,LAO,13:47,13:54,15:26,15:28,1,1,:32,,1,:41,,176,:08,,203,:59,,121
,,LAO,TPE,15:55,16:05,17:17,17:20,1,1,:12,,1,:25,,177,:20,,205,:24,,122
,,TPE,LAO,20:26,20:35,21:47,21:50,1,1,:12,,1,:24,,178,:32,,206,:48,,123
,,LAO,SZX,1:17,1:24,2:51,2:54,1,1,:27,,1,:37,,179,:59,,208,:25,,124
,,,,,,,,0,0,:00,,0,:00,,179,:59,,208,:25,,124
,,,,,,,,0,0,:00,,0,:00,,179,:59,,208,:25,,124
,,,,,,,,0,0,:00,,0,:00,,179,:59,,208,:25,,124
,,,,,,,,0,0,:00,,0,:00,,179,:59,,208,:25,,124
,,,,,,,,0,0,:00,,0,:00,,179,:59,,208,:25,,124
,,,,,,,,0,0,:00,,0,:00,,179,:59,,208,:25,,124
,,,,,,,,0,0,:00,,0,:00,,179,:59,,208,:25,,124
,,,,,,,,0,0,:00,,0,:00,,179,:59,,208,:25,,124
,,,,,,,,0,0,:00,,0,:00,,179,:59,,208,:25,,124
,,,,,,,,0,0,:00,,0,:00,,179,:59,,208,:25,,124
T0TAL,wala,,total for the day,,,,,4,5,:23,,6,:07,,179,:59,,208,:25,,124
25-Oct-06,N,SZX,LAO,14:04,14:15,15:40,15:43,1,1,:25,,1,:39,,181,:24,,210,:04,,125
,,LAO,TPE,16:19,16:24,17:42,17:46,1,1,:18,,1,:27,,182,:42,,211,:31,,126
,,TPE,LAO,20:21,20:24,21:58,22:00,1,1,:34,,1,:39,,184,:16,,213,:10,,127
,N,LAO,SZX,22:30,22:35,0:08,0:12,1,1,:33,,1,:42,,185,:49,,214,:52,,128
,,,,,,,,0,0,:00,,0,:00,,185,:49,,214,:52,,128
,,,,,,,,0,0,:00,,0,:00,,185,:49,,214,:52,,128
,,,,,,,,0,0,:00,,0,:00,,185,:49,,214,:52,,128
,,,,,,,,0,0,:00,,0,:00,,185,:49,,214,:52,,128
,,,,,,,,0,0,:00,,0,:00,,185,:49,,214,:52,,128
,,,,,,,,0,0,:00,,0,:00,,185,:49,,214,:52,,128
,,,,,,,,0,0,:00,,0,:00,,185,:49,,214,:52,,128
,,,,,,,,0,0,:00,,0,:00,,185,:49,,214,:52,,128
,,,,,,,,0,0,:00,,0,:00,,185,:49,,214,:52,,128
,,,,,,,,0,0,:00,,0,:00,,185,:49,,214,:52,,128
T0TAL,wala,,total for the day,,,,,4,5,:50,,6,:27,,185,:49,,214,:52,,128
26-Oct-06,,SZX,LAO,13:12,13:22,14:52,14:54,1,1,:30,,1,:42,,187,:19,,216,:34,,129
,,LAO,TPE,15:33,15:39,16:54,16:59,1,1,:15,,1,:26,,188,:34,,218,:00,,130
,N,TPE,LAO,20:27,20:39,21:52,21:54,1,1,:13,,1,:27,,189,:47,,219,:27,,131
,,LAO,SZX,2:14,2:18,3:40,3:45,1,1,:22,,1,:31,,191,:09,,220,:58,,132
,,,,,,,,0,0,:00,,0,:00,,191,:09,,220,:58,,132
,,,,,,,,0,0,:00,,0,:00,,191,:09,,220,:58,,132
,,,,,,,,0,0,:00,,0,:00,,191,:09,,220,:58,,132
,,,,,,,,0,0,:00,,0,:00,,191,:09,,220,:58,,132
,,,,,,,,0,0,:00,,0,:00,,191,:09,,220,:58,,132
,,,,,,,,0,0,:00,,0,:00,,191,:09,,220,:58,,132
,,,,,,,,0,0,:00,,0,:00,,191,:09,,220,:58,,132
,,,,,,,,0,0,:00,,0,:00,,191,:09,,220,:58,,132
,,,,,,,,0,0,:00,,0,:00,,191,:09,,220,:58,,132
,,,,,,,,0,0,:00,,0,:00,,191,:09,,220,:58,,132
T0TAL,wala,,total for the day,,,,,4,5,:20,,6,:06,,191,:09,,220,:58,,132
27-Oct-06,,SZX,LAO,13:46,13:55,15:19,15:23,1,1,:24,,1,:37,,192,:33,,222,:35,,133
,,LAO,TPE,15:47,15:53,17:10,17:15,1,1,:17,,1,:28,,193,:50,,224,:03,,134
,N,TPE,LAO,20:20,20:29,21:50,21:54,1,1,:21,,1,:34,,195,:11,,225,:37,,135
,,LAO,SZX,22:34,22:39,0:08,0:12,1,1,:29,,1,:38,,196,:40,,227,:15,,136
,,,,,,,,0,0,:00,,0,:00,,196,:40,,227,:15,,136
,,,,,,,,0,0,:00,,0,:00,,196,:40,,227,:15,,136
,,,,,,,,0,0,:00,,0,:00,,196,:40,,227,:15,,136
,,,,,,,,0,0,:00,,0,:00,,196,:40,,227,:15,,136
,,,,,,,,0,0,:00,,0,:00,,196,:40,,227,:15,,136
,,,,,,,,0,0,:00,,0,:00,,196,:40,,227,:15,,136
,,,,,,,,0,0,:00,,0,:00,,196,:40,,227,:15,,136
,,,,,,,,0,0,:00,,0,:00,,196,:40,,227,:15,,136
,,,,,,,,0,0,:00,,0,:00,,196,:40,,227,:15,,136
,,,,,,,,0,0,:00,,0,:00,,196,:40,,227,:15,,136
T0TAL,wala,,total for the day,,,,,4,5,:31,,6,:17,,196,:40,,227,:15,,136
28-Oct-06,,SZX,LAO,13:16,13:31,14:57,15:02,1,1,:26,,1,:46,,198,:06,,229,:01,,137
,,LAO,TPE,15:25,15:30,16:38,16:43,1,1,:08,,1,:18,,199,:14,,230,:19,,138
,N,TPE,LAO,4:50,5:00,6:39,6:43,1,1,:39,,1,:53,,200,:53,,232,:12,,139
,N,LAO,SZX,8:08,8:18,9:35,9:35,1,1,:17,,1,:27,,202,:10,,233,:39,,140
,,,,,,,,0,0,:00,,0,:00,,202,:10,,233,:39,,140
,,,,,,,,0,0,:00,,0,:00,,202,:10,,233,:39,,140
,,,,,,,,0,0,:00,,0,:00,,202,:10,,233,:39,,140
,,,,,,,,0,0,:00,,0,:00,,202,:10,,233,:39,,140
,,,,,,,,0,0,:00,,0,:00,,202,:10,,233,:39,,140
,,,,,,,,0,0,:00,,0,:00,,202,:10,,233,:39,,140
,,,,,,,,0,0,:00,,0,:00,,202,:10,,233,:39,,140
,,,,,,,,0,0,:00,,0,:00,,202,:10,,233,:39,,140
,,,,,,,,0,0,:00,,0,:00,,202,:10,,233,:39,,140
,,,,,,,,0,0,:00,,0,:00,,202,:10,,233,:39,,140
T0TAL,wala,,total for the day,,,,,4,5,:30,,6,:24,,202,:10,,233,:39,,140
29-Oct-06,,SZX,LAO,3:06,3:12,4:42,4:45,1,1,:30,,1,:39,,203,:40,,235,:18,,141
,,LAO,TPE,5:18,5:26,6:43,6:46,1,1,:17,,1,:28,,204,:57,,236,:46,,142
,,TPE,LAO,7:58,8:12,9:32,9:37,1,1,:20,,1,:39,,206,:17,,238,:25,,143
,N,LAO,SZX,10:09,10:16,11:43,11:47,1,1,:27,,1,:38,,207,:44,,240,:03,,144
,,,,,,,,0,0,:00,,0,:00,,207,:44,,240,:03,,144
,,,,,,,,0,0,:00,,0,:00,,207,:44,,240,:03,,144
,,,,,,,,0,0,:00,,0,:00,,207,:44,,240,:03,,144
,,,,,,,,0,0,:00,,0,:00,,207,:44,,240,:03,,144
,,,,,,,,0,0,:00,,0,:00,,207,:44,,240,:03,,144
,,,,,,,,0,0,:00,,0,:00,,207,:44,,240,:03,,144
,,,,,,,,0,0,:00,,0,:00,,207,:44,,240,:03,,144
,,,,,,,,0,0,:00,,0,:00,,207,:44,,240,:03,,144
,,,,,,,,0,0,:00,,0,:00,,207,:44,,240,:03,,144
,,,,,,,,0,0,:00,,0,:00,,207,:44,,240,:03,,144
T0TAL,wala,,total for the day,,,,,4,5,:34,,6,:24,,207,:44,,240,:03,,144
31-Oct-06,N,SZX,LAO,5:06,5:13,6:39,6:41,1,1,:26,,1,:35,,209,:10,,241,:38,,145
,,LAO,TPE,7:13,7:20,8:34,8:38,1,1,:14,,1,:25,,210,:24,,243,:03,,146
,,TPE,LAO,9:57,10:04,11:19,11:26,1,1,:15,,1,:29,,211,:39,,244,:32,,147
,N,LAO,SZX,6:30,6:38,8:04,8:08,1,1,:26,,1,:38,,213,:05,,246,:10,,148
,,,,,,,,0,0,:00,,0,:00,,213,:05,,246,:10,,148
,,,,,,,,0,0,:00,,0,:00,,213,:05,,246,:10,,148
,,,,,,,,0,0,:00,,0,:00,,213,:05,,246,:10,,148
,,,,,,,,0,0,:00,,0,:00,,213,:05,,246,:10,,148
,,,,,,,,0,0,:00,,0,:00,,213,:05,,246,:10,,148
,,,,,,,,0,0,:00,,0,:00,,213,:05,,246,:10,,148
,,,,,,,,0,0,:00,,0,:00,,213,:05,,246,:10,,148
,,,,,,,,0,0,:00,,0,:00,,213,:05,,246,:10,,148
,,,,,,,,0,0,:00,,0,:00,,213,:05,,246,:10,,148
,,,,,,,,0,0,:00,,0,:00,,213,:05,,246,:10,,148
T0TAL,wala,,total for the day,,,,,4,5,:21,,6,:07,,213,:05,,246,:10,,148
01-Nov-06,,SZX,LAO,12:43,12:44,14:19,14:23,1,1,:35,,1,:40,,214,:40,,247,:50,,149
,N,LAO,TPE,16:04,16:15,17:33,17:37,1,1,:18,,1,:33,,215,:58,,249,:23,,150
,,TPE,LAO,20:17,20:34,22:00,22:03,1,1,:26,,1,:46,,217,:24,,251,:09,,151
,N,,,,,,,0,0,:00,,0,:00,,217,:24,,251,:09,,151
,N,,,,,,,0,0,:00,,0,:00,,217,:24,,251,:09,,151
,N,,,,,,,0,0,:00,,0,:00,,217,:24,,251,:09,,151
,N,LAO,SZX,22:30,22:31,0:02,0:06,1,1,:31,,1,:36,,218,:55,,252,:45,,152
,,,,,,,,0,0,:00,,0,:00,,218,:55,,252,:45,,152
,,,,,,,,0,0,:00,,0,:00,,218,:55,,252,:45,,152
,,,,,,,,0,0,:00,,0,:00,,218,:55,,252,:45,,152
,,,,,,,,0,0,:00,,0,:00,,218,:55,,252,:45,,152
,,,,,,,,0,0,:00,,0,:00,,218,:55,,252,:45,,152
,,,,,,,,0,0,:00,,0,:00,,218,:55,,252,:45,,152
,,,,,,,,0,0,:00,,0,:00,,218,:55,,252,:45,,152
T0TAL,wala,,total for the day,,,,,4,5,:50,,6,:35,,218,:55,,252,:45,,152
02-Nov-06,N,SZX,LAO,14:26,14:33,16:04,16:07,1,1,:31,,1,:41,,220,:26,,254,:26,,153
,,LAO,TPE,16:51,16:56,18:07,18:14,1,1,:11,,1,:23,,221,:37,,255,:49,,154
,,TPE,LAO,20:20,20:32,21:55,22:01,1,1,:23,,1,:41,,223,:00,,257,:30,,155
,,LAO,SZX,22:30,22:36,0:03,0:10,1,1,:27,,1,:40,,224,:27,,259,:10,,156
,,,,,,,,0,0,:00,,0,:00,,224,:27,,259,:10,,156
,,,,,,,,0,0,:00,,0,:00,,224,:27,,259,:10,,156
,,,,,,,,0,0,:00,,0,:00,,224,:27,,259,:10,,156
,,,,,,,,0,0,:00,,0,:00,,224,:27,,259,:10,,156
,,,,,,,,0,0,:00,,0,:00,,224,:27,,259,:10,,156
,,,,,,,,0,0,:00,,0,:00,,224,:27,,259,:10,,156
,,,,,,,,0,0,:00,,0,:00,,224,:27,,259,:10,,156
,,,,,,,,0,0,:00,,0,:00,,224,:27,,259,:10,,156
,,,,,,,,0,0,:00,,0,:00,,224,:27,,259,:10,,156
,,,,,,,,0,0,:00,,0,:00,,224,:27,,259,:10,,156
T0TAL,wala,,total for the day,,,,,4,5,:32,,6,:25,,224,:27,,259,:10,,156
03-Nov-06,N,SZX,LAO,13:57,14:08,15:43,15:49,1,1,:35,,1,:52,,226,:02,,261,:02,,157
,,LAO,TPE,16:17,16:24,17:40,17:44,1,1,:16,,1,:27,,227,:18,,262,:29,,158
,,TPE,LAO,20:22,20:35,21:53,21:58,1,1,:18,,1,:36,,228,:36,,264,:05,,159
,N,,,,,,,0,0,:00,,0,:00,,228,:36,,264,:05,,159
,N,LAO,SZX,6:33,6:38,7:58,8:03,1,1,:20,,1,:30,,229,:56,,265,:35,,160
,N,,,,,,,0,0,:00,,0,:00,,229,:56,,265,:35,,160
,,,,,,,,0,0,:00,,0,:00,,229,:56,,265,:35,,160
,,,,,,,,0,0,:00,,0,:00,,229,:56,,265,:35,,160
,,,,,,,,0,0,:00,,0,:00,,229,:56,,265,:35,,160
,,,,,,,,0,0,:00,,0,:00,,229,:56,,265,:35,,160
,,,,,,,,0,0,:00,,0,:00,,229,:56,,265,:35,,160
,,,,,,,,0,0,:00,,0,:00,,229,:56,,265,:35,,160
,,,,,,,,0,0,:00,,0,:00,,229,:56,,265,:35,,160
,,,,,,,,0,0,:00,,0,:00,,229,:56,,265,:35,,160
T0TAL,wala,,total for the day,,,,,4,5,:29,,6,:25,,229,:56,,265,:35,,160
04-Nov-06,N,SZX,LAO,21:41,21:50,23:14,23:17,1,1,:24,,1,:36,,231,:20,,267,:11,,161
,,LAO,TPE,23:54,0:00,1:15,1:18,1,1,:15,,1,:24,,232,:35,,268,:35,,162
,,TPE,LAO,4:36,4:46,6:04,6:08,1,1,:18,,1,:32,,233,:53,,270,:07,,163
,,LAO,SZX,6:55,6:59,8:29,8:33,1,1,:30,,1,:38,,235,:23,,271,:45,,164
,,,,,,,,0,0,:00,,0,:00,,235,:23,,271,:45,,164
,,,,,,,,0,0,:00,,0,:00,,235,:23,,271,:45,,164
,,,,,,,,0,0,:00,,0,:00,,235,:23,,271,:45,,164
,,,,,,,,0,0,:00,,0,:00,,235,:23,,271,:45,,164
,,,,,,,,0,0,:00,,0,:00,,235,:23,,271,:45,,164
,,,,,,,,0,0,:00,,0,:00,,235,:23,,271,:45,,164
,,,,,,,,0,0,:00,,0,:00,,235,:23,,271,:45,,164
,,,,,,,,0,0,:00,,0,:00,,235,:23,,271,:45,,164
,,,,,,,,0,0,:00,,0,:00,,235,:23,,271,:45,,164
,,,,,,,,0,0,:00,,0,:00,,235,:23,,271,:45,,164
T0TAL,wala,,total for the day,,,,,4,5,:27,,6,:10,,235,:23,,271,:45,,164
05-Nov-06,N,SZX,LAO,3:11,3:18,4:40,4:43,1,1,:22,,1,:32,,236,:45,,273,:17,,165
,,LAO,TPE,5:16,5:21,6:37,6:39,1,1,:16,,1,:23,,238,:01,,274,:40,,166
,N,,,,,,,0,0,:00,,0,:00,,238,:01,,274,:40,,166
,N,,,,,,,0,0,:00,,0,:00,,238,:01,,274,:40,,166
,,,,,,,,0,0,:00,,0,:00,,238,:01,,274,:40,,166
,,,,,,,,0,0,:00,,0,:00,,238,:01,,274,:40,,166
,,,,,,,,0,0,:00,,0,:00,,238,:01,,274,:40,,166
,,,,,,,,0,0,:00,,0,:00,,238,:01,,274,:40,,166
,,,,,,,,0,0,:00,,0,:00,,238,:01,,274,:40,,166
,,,,,,,,0,0,:00,,0,:00,,238,:01,,274,:40,,166
,,,,,,,,0,0,:00,,0,:00,,238,:01,,274,:40,,166
,,,,,,,,0,0,:00,,0,:00,,238,:01,,274,:40,,166
,,,,,,,,0,0,:00,,0,:00,,238,:01,,274,:40,,166
,,,,,,,,0,0,:00,,0,:00,,238,:01,,274,:40,,166
T0TAL,wala,,total for the day,,,,,2,2,:38,,2,:55,,238,:01,,274,:40,,166
07-Nov-06,N,TPE,LAO,3:55,4:07,5:28,5:33,1,1,:21,,1,:38,,239,:22,,276,:18,,167
,,LAO,SZX,6:14,6:20,7:42,7:47,1,1,:22,,1,:33,,240,:44,,277,:51,,168
,,,,,,,,0,0,:00,,0,:00,,240,:44,,277,:51,,168
,,,,,,,,0,0,:00,,0,:00,,240,:44,,277,:51,,168
,,,,,,,,0,0,:00,,0,:00,,240,:44,,277,:51,,168
,,,,,,,,0,0,:00,,0,:00,,240,:44,,277,:51,,168
,,,,,,,,0,0,:00,,0,:00,,240,:44,,277,:51,,168
,,,,,,,,0,0,:00,,0,:00,,240,:44,,277,:51,,168
,,,,,,,,0,0,:00,,0,:00,,240,:44,,277,:51,,168
,,,,,,,,0,0,:00,,0,:00,,240,:44,,277,:51,,168
,,,,,,,,0,0,:00,,0,:00,,240,:44,,277,:51,,168
,,,,,,,,0,0,:00,,0,:00,,240,:44,,277,:51,,168
,,,,,,,,0,0,:00,,0,:00,,240,:44,,277,:51,,168
,,,,,,,,0,0,:00,,0,:00,,240,:44,,277,:51,,168
T0TAL,wala,,total for the day,,,,,2,2,:43,,3,:11,,240,:44,,277,:51,,168
08-Nov-06,N,SZX,LAO,21:48,21:55,23:20,23:22,1,1,:25,,1,:34,,242,:09,,279,:25,,169
,,LAO,TPE,23:57,0:03,1:15,1:18,1,1,:12,,1,:21,,243,:21,,280,:46,,170
,,TPE,LAO,5:21,5:30,6:50,6:52,1,1,:20,,1,:31,,244,:41,,282,:17,,171
,,LAO,SZX,7:14,7:20,8:47,8:50,1,1,:27,,1,:36,,246,:08,,283,:53,,172
,,,,,,,,0,0,:00,,0,:00,,246,:08,,283,:53,,172
,,,,,,,,0,0,:00,,0,:00,,246,:08,,283,:53,,172
,,,,,,,,0,0,:00,,0,:00,,246,:08,,283,:53,,172
,,,,,,,,0,0,:00,,0,:00,,246,:08,,283,:53,,172
,,,,,,,,0,0,:00,,0,:00,,246,:08,,283,:53,,172
,,,,,,,,0,0,:00,,0,:00,,246,:08,,283,:53,,172
,,,,,,,,0,0,:00,,0,:00,,246,:08,,283,:53,,172
,,,,,,,,0,0,:00,,0,:00,,246,:08,,283,:53,,172
,,,,,,,,0,0,:00,,0,:00,,246,:08,,283,:53,,172
,,,,,,,,0,0,:00,,0,:00,,246,:08,,283,:53,,172
T0TAL,wala,,total for the day,,,,,4,5,:24,,6,:02,,246,:08,,283,:53,,172
09-Nov-06,N,SZX,LAO,21:11,21:23,22:47,22:51,1,1,:24,,1,:40,,247,:32,,285,:33,,173
,,LAO,TPE,23:14,23:20,0:34,0:37,1,1,:14,,1,:23,,248,:46,,286,:56,,174
,,TPE,LAO,4:30,4:40,5:56,6:00,1,1,:16,,1,:30,,250,:02,,288,:26,,175
,,LAO,SZX,6:23,6:27,7:49,7:58,1,1,:22,,1,:35,,251,:24,,290,:01,,176
,,,,,,,,0,0,:00,,0,:00,,251,:24,,290,:01,,176
,,,,,,,,0,0,:00,,0,:00,,251,:24,,290,:01,,176
,,,,,,,,0,0,:00,,0,:00,,251,:24,,290,:01,,176
,,,,,,,,0,0,:00,,0,:00,,251,:24,,290,:01,,176
,,,,,,,,0,0,:00,,0,:00,,251,:24,,290,:01,,176
,,,,,,,,0,0,:00,,0,:00,,251,:24,,290,:01,,176
,,,,,,,,0,0,:00,,0,:00,,251,:24,,290,:01,,176
,,,,,,,,0,0,:00,,0,:00,,251,:24,,290,:01,,176
,,,,,,,,0,0,:00,,0,:00,,251,:24,,290,:01,,176
,,,,,,,,0,0,:00,,0,:00,,251,:24,,290,:01,,176
T0TAL,wala,,total for the day,,,,,4,5,:16,,6,:08,,251,:24,,290,:01,,176
10-Nov-06,N,SZX,LAO,13:10,13:24,14:50,14:55,1,1,:26,,1,:45,,252,:50,,291,:46,,177
,,LAO,TPE,15:18,15:24,16:42,16:50,1,1,:18,,1,:32,,254,:08,,293,:18,,178
,,TPE,LAO,20:08,20:12,21:25,21:28,1,1,:13,,1,:20,,255,:21,,294,:38,,179
,,LAO,SZX,22:05,22:10,23:34,23:36,1,1,:24,,1,:31,,256,:45,,296,:09,,180
,N,SZX,LAO,,13:44,15:10,,1,1,:26,,0,:00,,258,:11,,296,:09,,181
,N,LAO,TPE,,15:46,16:55,,1,1,:09,,0,:00,,259,:20,,296,:09,,182
,,,,,,,,0,0,:00,,0,:00,,259,:20,,296,:09,,182
,,,,,,,,0,0,:00,,0,:00,,259,:20,,296,:09,,182
,,,,,,,,0,0,:00,,0,:00,,259,:20,,296,:09,,182
,,,,,,,,0,0,:00,,0,:00,,259,:20,,296,:09,,182
,,,,,,,,0,0,:00,,0,:00,,259,:20,,296,:09,,182
,,,,,,,,0,0,:00,,0,:00,,259,:20,,296,:09,,182
,,,,,,,,0,0,:00,,0,:00,,259,:20,,296,:09,,182
,,,,,,,,0,0,:00,,0,:00,,259,:20,,296,:09,,182
T0TAL,wala,,total for the day,,,,,6,7,:56,,6,:08,,259,:20,,296,:09,,182
11-Nov-06,,TPE,LAO,,21:22,22:43,,1,1,:21,,0,:00,,260,:41,,296,:09,,183
,,LAO,SZX,,23:27,0:52,,1,1,:25,,0,:00,,262,:06,,296,:09,,184
,,,,,,,,0,0,:00,,0,:00,,262,:06,,296,:09,,184
,,,,,,,,0,0,:00,,0,:00,,262,:06,,296,:09,,184
,,,,,,,,0,0,:00,,0,:00,,262,:06,,296,:09,,184
,,,,,,,,0,0,:00,,0,:00,,262,:06,,296,:09,,184
,,,,,,,,0,0,:00,,0,:00,,262,:06,,296,:09,,184
,,,,,,,,0,0,:00,,0,:00,,262,:06,,296,:09,,184
,,,,,,,,0,0,:00,,0,:00,,262,:06,,296,:09,,184
,,,,,,,,0,0,:00,,0,:00,,262,:06,,296,:09,,184
,,,,,,,,0,0,:00,,0,:00,,262,:06,,296,:09,,184
,,,,,,,,0,0,:00,,0,:00,,262,:06,,296,:09,,184
,,,,,,,,0,0,:00,,0,:00,,262,:06,,296,:09,,184
,,,,,,,,0,0,:00,,0,:00,,262,:06,,296,:09,,184
T0TAL,wala,,total for the day,,,,,2,2,:46,,,:00,,262,:06,,296,:09,,184
12-Nov-06,,SZX,LAO,,3:18,4:48,,1,1,:30,,0,:00,,263,:36,,296,:09,,185
,,LAO,TPE,,5:34,6:45,,1,1,:11,,0,:00,,264,:47,,296,:09,,186
,,,,,,,,0,0,:00,,0,:00,,264,:47,,296,:09,,186
,,,,,,,,0,0,:00,,0,:00,,264,:47,,296,:09,,186
,,,,,,,,0,0,:00,,0,:00,,264,:47,,296,:09,,186
,,,,,,,,0,0,:00,,0,:00,,264,:47,,296,:09,,186
,,,,,,,,0,0,:00,,0,:00,,264,:47,,296,:09,,186
,,,,,,,,0,0,:00,,0,:00,,264,:47,,296,:09,,186
,,,,,,,,0,0,:00,,0,:00,,264,:47,,296,:09,,186
,,,,,,,,0,0,:00,,0,:00,,264,:47,,296,:09,,186
,,,,,,,,0,0,:00,,0,:00,,264,:47,,296,:09,,186
,,,,,,,,0,0,:00,,0,:00,,264,:47,,296,:09,,186
,,,,,,,,0,0,:00,,0,:00,,264,:47,,296,:09,,186
,,,,,,,,0,0,:00,,0,:00,,264,:47,,296,:09,,186
T0TAL,wala,,total for the day,,,,,2,2,:41,,,:00,,264,:47,,296,:09,,186
14-Nov-06,,TPE,LAO,,4:36,5:54,,1,1,:18,,0,:00,,266,:05,,296,:09,,187
,,LAO,SZX,,6:43,8:07,,1,1,:24,,0,:00,,267,:29,,296,:09,,188
,,SZX,LAO,,10:30,11:58,,1,1,:28,,0,:00,,268,:57,,296,:09,,189
,,,,,,,,0,0,:00,,0,:00,,268,:57,,296,:09,,189
,,,,,,,,0,0,:00,,0,:00,,268,:57,,296,:09,,189
,,,,,,,,0,0,:00,,0,:00,,268,:57,,296,:09,,189
,,,,,,,,0,0,:00,,0,:00,,268,:57,,296,:09,,189
,,,,,,,,0,0,:00,,0,:00,,268,:57,,296,:09,,189
,,,,,,,,0,0,:00,,0,:00,,268,:57,,296,:09,,189
,,,,,,,,0,0,:00,,0,:00,,268,:57,,296,:09,,189
,,,,,,,,0,0,:00,,0,:00,,268,:57,,296,:09,,189
,,,,,,,,0,0,:00,,0,:00,,268,:57,,296,:09,,189
,,,,,,,,0,0,:00,,0,:00,,268,:57,,296,:09,,189
,,,,,,,,0,0,:00,,0,:00,,268,:57,,296,:09,,189
T0TAL,wala,,total for the day,,,,,3,4,:10,,,:00,,268,:57,,296,:09,,189
15-Nov-06,,LAO,TPE,,0:56,2:08,,1,1,:12,,0,:00,,270,:09,,296,:09,,190
,,TPE,LAO,,4:11,5:28,,1,1,:17,,0,:00,,271,:26,,296,:09,,191
,,LAO,SZX,,22:11,23:28,,1,1,:17,,0,:00,,272,:43,,296,:09,,192
,,SZX,LAO,,13:18,14:38,,1,1,:20,,0,:00,,274,:03,,296,:09,,193
,,LAO,TPE,,15:15,16:25,,1,1,:10,,0,:00,,275,:13,,296,:09,,194
,,,,,,,,0,0,:00,,0,:00,,275,:13,,296,:09,,194
,,,,,,,,0,0,:00,,0,:00,,275,:13,,296,:09,,194
,,,,,,,,0,0,:00,,0,:00,,275,:13,,296,:09,,194
,,,,,,,,0,0,:00,,0,:00,,275,:13,,296,:09,,194
,,,,,,,,0,0,:00,,0,:00,,275,:13,,296,:09,,194
,,,,,,,,0,0,:00,,0,:00,,275,:13,,296,:09,,194
,,,,,,,,0,0,:00,,0,:00,,275,:13,,296,:09,,194
,,,,,,,,0,0,:00,,0,:00,,275,:13,,296,:09,,194
,,,,,,,,0,0,:00,,0,:00,,275,:13,,296,:09,,194
T0TAL,wala,,total for the day,,,,,5,6,:16,,,:00,,275,:13,,296,:09,,194
16-Nov-06,,TPE,LAO,,20:20,21:36,,1,1,:16,,0,:00,,276,:29,,296,:09,,195
,,LAO,SZX,,22:20,23:48,,1,1,:28,,0,:00,,277,:57,,296,:09,,196
,,SZX,LAO,,21:58,23:23,,1,1,:25,,0,:00,,279,:22,,296,:09,,197
,,LAO,TPE,,0:08,1:21,,1,1,:13,,0,:00,,280,:35,,296,:09,,198
,,,,,,,,0,0,:00,,0,:00,,280,:35,,296,:09,,198
,,,,,,,,0,0,:00,,0,:00,,280,:35,,296,:09,,198
,,,,,,,,0,0,:00,,0,:00,,280,:35,,296,:09,,198
,,,,,,,,0,0,:00,,0,:00,,280,:35,,296,:09,,198
,,,,,,,,0,0,:00,,0,:00,,280,:35,,296,:09,,198
,,,,,,,,0,0,:00,,0,:00,,280,:35,,296,:09,,198
,,,,,,,,0,0,:00,,0,:00,,280,:35,,296,:09,,198
,,,,,,,,0,0,:00,,0,:00,,280,:35,,296,:09,,198
,,,,,,,,0,0,:00,,0,:00,,280,:35,,296,:09,,198
,,,,,,,,0,0,:00,,0,:00,,280,:35,,296,:09,,198
T0TAL,wala,,total for the day,,,,,4,5,:22,,,:00,,280,:35,,296,:09,,198
17-Nov-06,,TPE,LAO,,4:30,5:45,,1,1,:15,,0,:00,,281,:50,,296,:09,,199
,,LAO,SZX,,6:20,7:41,,1,1,:21,,0,:00,,283,:11,,296,:09,,200
,,SZX,LAO,,21:14,22:37,,1,1,:23,,0,:00,,284,:34,,296,:09,,201
,,LAO,TPE,,23:14,0:26,,1,1,:12,,0,:00,,285,:46,,296,:09,,202
,,,,,,,,0,0,:00,,0,:00,,285,:46,,296,:09,,202
,,,,,,,,0,0,:00,,0,:00,,285,:46,,296,:09,,202
,,,,,,,,0,0,:00,,0,:00,,285,:46,,296,:09,,202
,,,,,,,,0,0,:00,,0,:00,,285,:46,,296,:09,,202
,,,,,,,,0,0,:00,,0,:00,,285,:46,,296,:09,,202
,,,,,,,,0,0,:00,,0,:00,,285,:46,,296,:09,,202
,,,,,,,,0,0,:00,,0,:00,,285,:46,,296,:09,,202
,,,,,,,,0,0,:00,,0,:00,,285,:46,,296,:09,,202
,,,,,,,,0,0,:00,,0,:00,,285,:46,,296,:09,,202
,,,,,,,,0,0,:00,,0,:00,,285,:46,,296,:09,,202
T0TAL,wala,,total for the day,,,,,4,5,:11,,,:00,,285,:46,,296,:09,,202
18-Nov-06,,TPE,LAO,,4:28,5:50,,1,1,:22,,0,:00,,287,:08,,296,:09,,203
,,LAO,SZX,,22:24,23:55,,1,1,:31,,0,:00,,288,:39,,296,:09,,204
,,,,,,,,0,0,:00,,0,:00,,288,:39,,296,:09,,204
,,,,,,,,0,0,:00,,0,:00,,288,:39,,296,:09,,204
,,,,,,,,0,0,:00,,0,:00,,288,:39,,296,:09,,204
,,,,,,,,0,0,:00,,0,:00,,288,:39,,296,:09,,204
,,,,,,,,0,0,:00,,0,:00,,288,:39,,296,:09,,204
,,,,,,,,0,0,:00,,0,:00,,288,:39,,296,:09,,204
,,,,,,,,0,0,:00,,0,:00,,288,:39,,296,:09,,204
,,,,,,,,0,0,:00,,0,:00,,288,:39,,296,:09,,204
,,,,,,,,0,0,:00,,0,:00,,288,:39,,296,:09,,204
,,,,,,,,0,0,:00,,0,:00,,288,:39,,296,:09,,204
,,,,,,,,0,0,:00,,0,:00,,288,:39,,296,:09,,204
,,,,,,,,0,0,:00,,0,:00,,288,:39,,296,:09,,204
T0TAL,wala,,total for the day,,,,,2,2,:53,,,:00,,288,:39,,296,:09,,204
19-Nov-06,,SZX,LAO,,2:26,3:50,,1,1,:24,,0,:00,,290,:03,,296,:09,,205
,,LAO,TPE,,4:24,5:32,,1,1,:08,,0,:00,,291,:11,,296,:09,,206
,,,,,,,,0,0,:00,,0,:00,,291,:11,,296,:09,,206
,,,,,,,,0,0,:00,,0,:00,,291,:11,,296,:09,,206
,,,,,,,,0,0,:00,,0,:00,,291,:11,,296,:09,,206
,,,,,,,,0,0,:00,,0,:00,,291,:11,,296,:09,,206
,,,,,,,,0,0,:00,,0,:00,,291,:11,,296,:09,,206
,,,,,,,,0,0,:00,,0,:00,,291,:11,,296,:09,,206
,,,,,,,,0,0,:00,,0,:00,,291,:11,,296,:09,,206
,,,,,,,,0,0,:00,,0,:00,,291,:11,,296,:09,,206
,,,,,,,,0,0,:00,,0,:00,,291,:11,,296,:09,,206
,,,,,,,,0,0,:00,,0,:00,,291,:11,,296,:09,,206
,,,,,,,,0,0,:00,,0,:00,,291,:11,,296,:09,,206
,,,,,,,,0,0,:00,,0,:00,,291,:11,,296,:09,,206
T0TAL,wala,,total for the day,,,,,2,2,:32,,,:00,,291,:11,,296,:09,,206
21-Nov-06,,TPE,LAO,,20:20,21:39,,1,1,:19,,0,:00,,292,:30,,296,:09,,207
,,LAO,SZX,,22:12,23:48,,1,1,:36,,0,:00,,294,:06,,296,:09,,208
,,SZX,LAO,,15:13,16:33,,1,1,:20,,0,:00,,295,:26,,296,:09,,209
,,,,,,,,0,0,:00,,0,:00,,295,:26,,296,:09,,209
,,,,,,,,0,0,:00,,0,:00,,295,:26,,296,:09,,209
,,,,,,,,0,0,:00,,0,:00,,295,:26,,296,:09,,209
,,,,,,,,0,0,:00,,0,:00,,295,:26,,296,:09,,209
,,,,,,,,0,0,:00,,0,:00,,295,:26,,296,:09,,209
,,,,,,,,0,0,:00,,0,:00,,295,:26,,296,:09,,209
,,,,,,,,0,0,:00,,0,:00,,295,:26,,296,:09,,209
,,,,,,,,0,0,:00,,0,:00,,295,:26,,296,:09,,209
,,,,,,,,0,0,:00,,0,:00,,295,:26,,296,:09,,209
,,,,,,,,0,0,:00,,0,:00,,295,:26,,296,:09,,209
,,,,,,,,0,0,:00,,0,:00,,295,:26,,296,:09,,209
T0TAL,wala,,total for the day,,,,,3,4,:15,,,:00,,295,:26,,296,:09,,209
22-Nov-06,,LAO,TPE,,18:21,19:31,,1,1,:10,,0,:00,,296,:36,,296,:09,,210
,,TPE,LAO,,20:15,21:39,,1,1,:24,,0,:00,,298,:00,,296,:09,,211
,,LAO,SZX,,22:15,23:50,,1,1,:35,,0,:00,,299,:35,,296,:09,,212
,,,,,,,,0,0,:00,,0,:00,,299,:35,,296,:09,,212
,,,,,,,,0,0,:00,,0,:00,,299,:35,,296,:09,,212
,,,,,,,,0,0,:00,,0,:00,,299,:35,,296,:09,,212
,,,,,,,,0,0,:00,,0,:00,,299,:35,,296,:09,,212
,,,,,,,,0,0,:00,,0,:00,,299,:35,,296,:09,,212
,,,,,,,,0,0,:00,,0,:00,,299,:35,,296,:09,,212
,,,,,,,,0,0,:00,,0,:00,,299,:35,,296,:09,,212
,,,,,,,,0,0,:00,,0,:00,,299,:35,,296,:09,,212
,,,,,,,,0,0,:00,,0,:00,,299,:35,,296,:09,,212
,,,,,,,,0,0,:00,,0,:00,,299,:35,,296,:09,,212
,,,,,,,,0,0,:00,,0,:00,,299,:35,,296,:09,,212
T0TAL,wala,,total for the day,,,,,3,4,:09,,,:00,,299,:35,,296,:09,,212
23-Nov-06,,SZX,LAO,,21:20,22:37,,1,1,:17,,0,:00,,300,:52,,296,:09,,213
,,LAO,TPE,,23:26,0:43,,1,1,:17,,0,:00,,302,:09,,296,:09,,214
,,,,,,,,0,0,:00,,0,:00,,302,:09,,296,:09,,214
,,,,,,,,0,0,:00,,0,:00,,302,:09,,296,:09,,214
,,,,,,,,0,0,:00,,0,:00,,302,:09,,296,:09,,214
,,,,,,,,0,0,:00,,0,:00,,302,:09,,296,:09,,214
,,,,,,,,0,0,:00,,0,:00,,302,:09,,296,:09,,214
,,,,,,,,0,0,:00,,0,:00,,302,:09,,296,:09,,214
,,,,,,,,0,0,:00,,0,:00,,302,:09,,296,:09,,214
,,,,,,,,0,0,:00,,0,:00,,302,:09,,296,:09,,214
,,,,,,,,0,0,:00,,0,:00,,302,:09,,296,:09,,214
,,,,,,,,0,0,:00,,0,:00,,302,:09,,296,:09,,214
,,,,,,,,0,0,:00,,0,:00,,302,:09,,296,:09,,214
,,,,,,,,0,0,:00,,0,:00,,302,:09,,296,:09,,214
T0TAL,wala,,total for the day,,,,,2,2,:34,,,:00,,302,:09,,296,:09,,214
24-Nov-06,,TPE,LAO,,3:49,5:04,,1,1,:15,,0,:00,,303,:24,,296,:09,,215
,,LAO,SZX,,5:49,7:15,,1,1,:26,,0,:00,,304,:50,,296,:09,,216
,,SZX,LAO,,13:34,14:56,,1,1,:22,,0,:00,,306,:12,,296,:09,,217
,,LAO,TPE,,15:32,16:46,,1,1,:14,,0,:00,,307,:26,,296,:09,,218
,,,,,,,,0,0,:00,,0,:00,,307,:26,,296,:09,,218
,,,,,,,,0,0,:00,,0,:00,,307,:26,,296,:09,,218
,,,,,,,,0,0,:00,,0,:00,,307,:26,,296,:09,,218
,,,,,,,,0,0,:00,,0,:00,,307,:26,,296,:09,,218
,,,,,,,,0,0,:00,,0,:00,,307,:26,,296,:09,,218
,,,,,,,,0,0,:00,,0,:00,,307,:26,,296,:09,,218
,,,,,,,,0,0,:00,,0,:00,,307,:26,,296,:09,,218
,,,,,,,,0,0,:00,,0,:00,,307,:26,,296,:09,,218
,,,,,,,,0,0,:00,,0,:00,,307,:26,,296,:09,,218
,,,,,,,,0,0,:00,,0,:00,,307,:26,,296,:09,,218
T0TAL,wala,,total for the day,,,,,4,5,:17,,,:00,,307,:26,,296,:09,,218
25-Nov-06,,TPE,LAO,,4:44,5:59,,1,1,:15,,0,:00,,308,:41,,296,:09,,219
,,LAO,SZX,,7:12,8:37,,1,1,:25,,0,:00,,310,:06,,296,:09,,220
,,,,,,,,0,0,:00,,0,:00,,310,:06,,296,:09,,220
,,,,,,,,0,0,:00,,0,:00,,310,:06,,296,:09,,220
,,,,,,,,0,0,:00,,0,:00,,310,:06,,296,:09,,220
,,,,,,,,0,0,:00,,0,:00,,310,:06,,296,:09,,220
,,,,,,,,0,0,:00,,0,:00,,310,:06,,296,:09,,220
,,,,,,,,0,0,:00,,0,:00,,310,:06,,296,:09,,220
,,,,,,,,0,0,:00,,0,:00,,310,:06,,296,:09,,220
,,,,,,,,0,0,:00,,0,:00,,310,:06,,296,:09,,220
,,,,,,,,0,0,:00,,0,:00,,310,:06,,296,:09,,220
,,,,,,,,0,0,:00,,0,:00,,310,:06,,296,:09,,220
,,,,,,,,0,0,:00,,0,:00,,310,:06,,296,:09,,220
,,,,,,,,0,0,:00,,0,:00,,310,:06,,296,:09,,220
T0TAL,wala,,total for the day,,,,,2,2,:40,,,:00,,310,:06,,296,:09,,220
26-Nov-06,,SZX,LAO,,2:43,4:05,,1,1,:22,,0,:00,,311,:28,,296,:09,,221
,,LAO,TPE,,20:55,22:04,,1,1,:09,,0,:00,,312,:37,,296,:09,,222
,,,,,,,,0,0,:00,,0,:00,,312,:37,,296,:09,,222
,,,,,,,,0,0,:00,,0,:00,,312,:37,,296,:09,,222
,,,,,,,,0,0,:00,,0,:00,,312,:37,,296,:09,,222
,,,,,,,,0,0,:00,,0,:00,,312,:37,,296,:09,,222
,,,,,,,,0,0,:00,,0,:00,,312,:37,,296,:09,,222
,,,,,,,,0,0,:00,,0,:00,,312,:37,,296,:09,,222
,,,,,,,,0,0,:00,,0,:00,,312,:37,,296,:09,,222
,,,,,,,,0,0,:00,,0,:00,,312,:37,,296,:09,,222
,,,,,,,,0,0,:00,,0,:00,,312,:37,,296,:09,,222
,,,,,,,,0,0,:00,,0,:00,,312,:37,,296,:09,,222
,,,,,,,,0,0,:00,,0,:00,,312,:37,,296,:09,,222
,,,,,,,,0,0,:00,,0,:00,,312,:37,,296,:09,,222
T0TAL,wala,,total for the day,,,,,2,2,:31,,,:00,,312,:37,,296,:09,,222
28-Nov-06,,TPE,LAO,,20:08,21:24,,1,1,:16,,0,:00,,313,:53,,296,:09,,223
,,LAO,SZX,,22:09,23:32,,1,1,:23,,0,:00,,315,:16,,296,:09,,224
,,SZX,LAO,,13:40,15:05,,1,1,:25,,0,:00,,316,:41,,296,:09,,225
,,LAO,TPE,,15:47,17:03,,1,1,:16,,0,:00,,317,:57,,296,:09,,226
,,,,,,,,0,0,:00,,0,:00,,317,:57,,296,:09,,226
,,,,,,,,0,0,:00,,0,:00,,317,:57,,296,:09,,226
,,,,,,,,0,0,:00,,0,:00,,317,:57,,296,:09,,226
,,,,,,,,0,0,:00,,0,:00,,317,:57,,296,:09,,226
,,,,,,,,0,0,:00,,0,:00,,317,:57,,296,:09,,226
,,,,,,,,0,0,:00,,0,:00,,317,:57,,296,:09,,226
,,,,,,,,0,0,:00,,0,:00,,317,:57,,296,:09,,226
,,,,,,,,0,0,:00,,0,:00,,317,:57,,296,:09,,226
,,,,,,,,0,0,:00,,0,:00,,317,:57,,296,:09,,226
,,,,,,,,0,0,:00,,0,:00,,317,:57,,296,:09,,226
T0TAL,wala,,total for the day,,,,,4,5,:20,,,:00,,317,:57,,296,:09,,226
29-Nov-06,,TPE,LAO,,20:18,21:38,,1,1,:20,,0,:00,,319,:17,,296,:09,,227
,,LAO,SZX,,22:16,23:36,,1,1,:20,,0,:00,,320,:37,,296,:09,,228
,,SZX,LAO,,13:56,15:16,,1,1,:20,,0,:00,,321,:57,,296,:09,,229
,,LAO,TPE,,16:10,17:25,,1,1,:15,,0,:00,,323,:12,,296,:09,,230
,,,,,,,,0,0,:00,,0,:00,,323,:12,,296,:09,,230
,,,,,,,,0,0,:00,,0,:00,,323,:12,,296,:09,,230
,,,,,,,,0,0,:00,,0,:00,,323,:12,,296,:09,,230
,,,,,,,,0,0,:00,,0,:00,,323,:12,,296,:09,,230
,,,,,,,,0,0,:00,,0,:00,,323,:12,,296,:09,,230
,,,,,,,,0,0,:00,,0,:00,,323,:12,,296,:09,,230
,,,,,,,,0,0,:00,,0,:00,,323,:12,,296,:09,,230
,,,,,,,,0,0,:00,,0,:00,,323,:12,,296,:09,,230
,,,,,,,,0,0,:00,,0,:00,,323,:12,,296,:09,,230
,,,,,,,,0,0,:00,,0,:00,,323,:12,,296,:09,,230
T0TAL,wala,,total for the day,,,,,4,5,:15,,,:00,,323,:12,,296,:09,,230
30-Nov-06,,TPE,LAO,,20:07,21:20,,1,1,:13,,0,:00,,324,:25,,296,:09,,231
,,LAO,SZX,,22:01,23:24,,1,1,:23,,0,:00,,325,:48,,296,:09,,232
,,SZX,LAO,,13:26,14:50,,1,1,:24,,0,:00,,327,:12,,296,:09,,233
,,LAO,TPE,,15:25,16:40,,1,1,:15,,0,:00,,328,:27,,296,:09,,234
,,,,,,,,0,0,:00,,0,:00,,328,:27,,296,:09,,234
,,,,,,,,0,0,:00,,0,:00,,328,:27,,296,:09,,234
,,,,,,,,0,0,:00,,0,:00,,328,:27,,296,:09,,234
,,,,,,,,0,0,:00,,0,:00,,328,:27,,296,:09,,234
,,,,,,,,0,0,:00,,0,:00,,328,:27,,296,:09,,234
,,,,,,,,0,0,:00,,0,:00,,328,:27,,296,:09,,234
,,,,,,,,0,0,:00,,0,:00,,328,:27,,296,:09,,234
,,,,,,,,0,0,:00,,0,:00,,328,:27,,296,:09,,234
,,,,,,,,0,0,:00,,0,:00,,328,:27,,296,:09,,234
,,,,,,,,0,0,:00,,0,:00,,328,:27,,296,:09,,234
T0TAL,wala,,total for the day,,,,,4,5,:15,,,:00,,328,:27,,296,:09,,234
01-Dec-06,,TPE,LAO,,20:40,22:07,,1,1,:27,,0,:00,,329,:54,,296,:09,,235
,,LAO,SZX,,22:38,0:05,,1,1,:27,,0,:00,,331,:21,,296,:09,,236
,,SZX,LAO,,13:48,15:15,,1,1,:27,,0,:00,,332,:48,,296,:09,,237
,,LAO,TPE,,15:55,17:15,,1,1,:20,,0,:00,,334,:08,,296,:09,,238
,,,,,,,,0,0,:00,,0,:00,,334,:08,,296,:09,,238
,,,,,,,,0,0,:00,,0,:00,,334,:08,,296,:09,,238
,,,,,,,,0,0,:00,,0,:00,,334,:08,,296,:09,,238
,,,,,,,,0,0,:00,,0,:00,,334,:08,,296,:09,,238
,,,,,,,,0,0,:00,,0,:00,,334,:08,,296,:09,,238
,,,,,,,,0,0,:00,,0,:00,,334,:08,,296,:09,,238
,,,,,,,,0,0,:00,,0,:00,,334,:08,,296,:09,,238
,,,,,,,,0,0,:00,,0,:00,,334,:08,,296,:09,,238
,,,,,,,,0,0,:00,,0,:00,,334,:08,,296,:09,,238
,,,,,,,,0,0,:00,,0,:00,,334,:08,,296,:09,,238
T0TAL,wala,,total for the day,,,,,4,5,:41,,,:00,,334,:08,,296,:09,,238
02-Dec-06,,TPE,LAO,,20:35,21:55,,1,1,:20,,0,:00,,335,:28,,296,:09,,239
,,LAO,SZX,,22:25,23:48,,1,1,:23,,0,:00,,336,:51,,296,:09,,240
,,,,,,,,0,0,:00,,0,:00,,336,:51,,296,:09,,240
,,,,,,,,0,0,:00,,0,:00,,336,:51,,296,:09,,240
,,,,,,,,0,0,:00,,0,:00,,336,:51,,296,:09,,240
,,,,,,,,0,0,:00,,0,:00,,336,:51,,296,:09,,240
,,,,,,,,0,0,:00,,0,:00,,336,:51,,296,:09,,240
,,,,,,,,0,0,:00,,0,:00,,336,:51,,296,:09,,240
,,,,,,,,0,0,:00,,0,:00,,336,:51,,296,:09,,240
,,,,,,,,0,0,:00,,0,:00,,336,:51,,296,:09,,240
,,,,,,,,0,0,:00,,0,:00,,336,:51,,296,:09,,240
,,,,,,,,0,0,:00,,0,:00,,336,:51,,296,:09,,240
,,,,,,,,0,0,:00,,0,:00,,336,:51,,296,:09,,240
,,,,,,,,0,0,:00,,0,:00,,336,:51,,296,:09,,240
T0TAL,wala,,total for the day,,,,,2,2,:43,,,:00,,336,:51,,296,:09,,240
03-Dec-06,,SZX,LAO,,19:39,21:05,,1,1,:26,,0,:00,,338,:17,,296,:09,,241
,,LAO,TPE,,21:43,22:57,,1,1,:14,,0,:00,,339,:31,,296,:09,,242
,,,,,,,,0,0,:00,,0,:00,,339,:31,,296,:09,,242
,,,,,,,,0,0,:00,,0,:00,,339,:31,,296,:09,,242
,,,,,,,,0,0,:00,,0,:00,,339,:31,,296,:09,,242
,,,,,,,,0,0,:00,,0,:00,,339,:31,,296,:09,,242
,,,,,,,,0,0,:00,,0,:00,,339,:31,,296,:09,,242
,,,,,,,,0,0,:00,,0,:00,,339,:31,,296,:09,,242
,,,,,,,,0,0,:00,,0,:00,,339,:31,,296,:09,,242
,,,,,,,,0,0,:00,,0,:00,,339,:31,,296,:09,,242
,,,,,,,,0,0,:00,,0,:00,,339,:31,,296,:09,,242
,,,,,,,,0,0,:00,,0,:00,,339,:31,,296,:09,,242
,,,,,,,,0,0,:00,,0,:00,,339,:31,,296,:09,,242
,,,,,,,,0,0,:00,,0,:00,,339,:31,,296,:09,,242
T0TAL,wala,,total for the day,,,,,2,2,:40,,,:00,,339,:31,,296,:09,,242
05-Dec-06,,TPE,LAO,,20:34,21:51,,1,1,:17,,0,:00,,340,:48,,296,:09,,243
,,LAO,SZX,,6:19,7:45,,1,1,:26,,0,:00,,342,:14,,296,:09,,244
,,SZX,LAO,,13:27,14:57,,1,1,:30,,0,:00,,343,:44,,296,:09,,245
,,LAO,TPE,,15:28,16:41,,1,1,:13,,0,:00,,344,:57,,296,:09,,246
,,TPE,LAO,,20:36,21:55,,1,1,:19,,0,:00,,346,:16,,296,:09,,247
,,LAO,SZX,,22:22,23:52,,1,1,:30,,0,:00,,347,:46,,296,:09,,248
,,,,,,,,0,0,:00,,0,:00,,347,:46,,296,:09,,248
,,,,,,,,0,0,:00,,0,:00,,347,:46,,296,:09,,248
,,,,,,,,0,0,:00,,0,:00,,347,:46,,296,:09,,248
,,,,,,,,0,0,:00,,0,:00,,347,:46,,296,:09,,248
,,,,,,,,0,0,:00,,0,:00,,347,:46,,296,:09,,248
,,,,,,,,0,0,:00,,0,:00,,347,:46,,296,:09,,248
,,,,,,,,0,0,:00,,0,:00,,347,:46,,296,:09,,248
,,,,,,,,0,0,:00,,0,:00,,347,:46,,296,:09,,248
T0TAL,wala,,total for the day,,,,,6,8,:15,,,:00,,347,:46,,296,:09,,248
06-Dec-06,,SZX,LAO,,13:20,14:42,,1,1,:22,,0,:00,,349,:08,,296,:09,,249
,,LAO,TPE,,15:18,16:33,,1,1,:15,,0,:00,,350,:23,,296,:09,,250
,,,,,,,,0,0,:00,,0,:00,,350,:23,,296,:09,,250
,,,,,,,,0,0,:00,,0,:00,,350,:23,,296,:09,,250
,,,,,,,,0,0,:00,,0,:00,,350,:23,,296,:09,,250
,,,,,,,,0,0,:00,,0,:00,,350,:23,,296,:09,,250
,,,,,,,,0,0,:00,,0,:00,,350,:23,,296,:09,,250
,,,,,,,,0,0,:00,,0,:00,,350,:23,,296,:09,,250
,,,,,,,,0,0,:00,,0,:00,,350,:23,,296,:09,,250
,,,,,,,,0,0,:00,,0,:00,,350,:23,,296,:09,,250
,,,,,,,,0,0,:00,,0,:00,,350,:23,,296,:09,,250
,,,,,,,,0,0,:00,,0,:00,,350,:23,,296,:09,,250
,,,,,,,,0,0,:00,,0,:00,,350,:23,,296,:09,,250
,,,,,,,,0,0,:00,,0,:00,,350,:23,,296,:09,,250
T0TAL,wala,,total for the day,,,,,2,2,:37,,,:00,,350,:23,,296,:09,,250
07-Dec-06,,TPE,LAO,,20:07,21:21,,1,1,:14,,0,:00,,351,:37,,296,:09,,251
,,LAO,SZX,,21:57,23:17,,1,1,:20,,0,:00,,352,:57,,296,:09,,252
,,SZX,LAO,,13:43,15:12,,1,1,:29,,0,:00,,354,:26,,296,:09,,253
,,LAO,TPE,,15:52,17:07,,1,1,:15,,0,:00,,355,:41,,296,:09,,254
,,,,,,,,0,0,:00,,0,:00,,355,:41,,296,:09,,254
,,,,,,,,0,0,:00,,0,:00,,355,:41,,296,:09,,254
,,,,,,,,0,0,:00,,0,:00,,355,:41,,296,:09,,254
,,,,,,,,0,0,:00,,0,:00,,355,:41,,296,:09,,254
,,,,,,,,0,0,:00,,0,:00,,355,:41,,296,:09,,254
,,,,,,,,0,0,:00,,0,:00,,355,:41,,296,:09,,254
,,,,,,,,0,0,:00,,0,:00,,355,:41,,296,:09,,254
,,,,,,,,0,0,:00,,0,:00,,355,:41,,296,:09,,254
,,,,,,,,0,0,:00,,0,:00,,355,:41,,296,:09,,254
,,,,,,,,0,0,:00,,0,:00,,355,:41,,296,:09,,254
T0TAL,wala,,total for the day,,,,,4,5,:18,,,:00,,355,:41,,296,:09,,254
08-Dec-06,,TPE,LAO,,20:20,21:35,,1,1,:15,,0,:00,,356,:56,,296,:09,,255
,,LAO,SZX,,22:07,23:23,,1,1,:16,,0,:00,,358,:12,,296,:09,,256
,,SZX,LAO,,13:14,14:41,,1,1,:27,,0,:00,,359,:39,,296,:09,,257
,,LAO,TPE,,15:15,16:28,,1,1,:13,,0,:00,,360,:52,,296,:09,,258
,,,,,,,,0,0,:00,,0,:00,,360,:52,,296,:09,,258
,,,,,,,,0,0,:00,,0,:00,,360,:52,,296,:09,,258
,,,,,,,,0,0,:00,,0,:00,,360,:52,,296,:09,,258
,,,,,,,,0,0,:00,,0,:00,,360,:52,,296,:09,,258
,,,,,,,,0,0,:00,,0,:00,,360,:52,,296,:09,,258
,,,,,,,,0,0,:00,,0,:00,,360,:52,,296,:09,,258
,,,,,,,,0,0,:00,,0,:00,,360,:52,,296,:09,,258
,,,,,,,,0,0,:00,,0,:00,,360,:52,,296,:09,,258
,,,,,,,,0,0,:00,,0,:00,,360,:52,,296,:09,,258
,,,,,,,,0,0,:00,,0,:00,,360,:52,,296,:09,,258
T0TAL,wala,,total for the day,,,,,4,5,:11,,,:00,,360,:52,,296,:09,,258
09-Dec-06,,TPE,LAO,,21:00,22:21,,1,1,:21,,0,:00,,362,:13,,296,:09,,259
,,LAO,SZX,,23:21,0:46,,1,1,:25,,0,:00,,363,:38,,296,:09,,260
,,,,,,,,0,0,:00,,0,:00,,363,:38,,296,:09,,260
,,,,,,,,0,0,:00,,0,:00,,363,:38,,296,:09,,260
,,,,,,,,0,0,:00,,0,:00,,363,:38,,296,:09,,260
,,,,,,,,0,0,:00,,0,:00,,363,:38,,296,:09,,260
,,,,,,,,0,0,:00,,0,:00,,363,:38,,296,:09,,260
,,,,,,,,0,0,:00,,0,:00,,363,:38,,296,:09,,260
,,,,,,,,0,0,:00,,0,:00,,363,:38,,296,:09,,260
,,,,,,,,0,0,:00,,0,:00,,363,:38,,296,:09,,260
,,,,,,,,0,0,:00,,0,:00,,363,:38,,296,:09,,260
,,,,,,,,0,0,:00,,0,:00,,363,:38,,296,:09,,260
,,,,,,,,0,0,:00,,0,:00,,363,:38,,296,:09,,260
,,,,,,,,0,0,:00,,0,:00,,363,:38,,296,:09,,260
T0TAL,wala,,total for the day,,,,,2,2,:46,,,:00,,363,:38,,296,:09,,260
10-Dec-06,,SZX,LAO,,19:36,21:01,,1,1,:25,,0,:00,,365,:03,,296,:09,,261
,,LAO,TPE,,21:44,22:55,,1,1,:11,,0,:00,,366,:14,,296,:09,,262
,,,,,,,,0,0,:00,,0,:00,,366,:14,,296,:09,,262
,,,,,,,,0,0,:00,,0,:00,,366,:14,,296,:09,,262
,,,,,,,,0,0,:00,,0,:00,,366,:14,,296,:09,,262
,,,,,,,,0,0,:00,,0,:00,,366,:14,,296,:09,,262
,,,,,,,,0,0,:00,,0,:00,,366,:14,,296,:09,,262
,,,,,,,,0,0,:00,,0,:00,,366,:14,,296,:09,,262
,,,,,,,,0,0,:00,,0,:00,,366,:14,,296,:09,,262
,,,,,,,,0,0,:00,,0,:00,,366,:14,,296,:09,,262
,,,,,,,,0,0,:00,,0,:00,,366,:14,,296,:09,,262
,,,,,,,,0,0,:00,,0,:00,,366,:14,,296,:09,,262
,,,,,,,,0,0,:00,,0,:00,,366,:14,,296,:09,,262
,,,,,,,,0,0,:00,,0,:00,,366,:14,,296,:09,,262
T0TAL,wala,,total for the day,,,,,2,2,:36,,,:00,,366,:14,,296,:09,,262
12-Dec-06,,TPE,LAO,,20:35,21:57,,1,1,:22,,0,:00,,367,:36,,296,:09,,263
,,LAO,SZX,,22:37,0:09,,1,1,:32,,0,:00,,369,:08,,296,:09,,264
,,SZX,LAO,,13:21,14:58,,1,1,:37,,0,:00,,370,:45,,296,:09,,265
,,LAO,TPE,,15:48,17:00,,1,1,:12,,0,:00,,371,:57,,296,:09,,266
,,,,,,,,0,0,:00,,0,:00,,371,:57,,296,:09,,266
,,,,,,,,0,0,:00,,0,:00,,371,:57,,296,:09,,266
,,,,,,,,0,0,:00,,0,:00,,371,:57,,296,:09,,266
,,,,,,,,0,0,:00,,0,:00,,371,:57,,296,:09,,266
,,,,,,,,0,0,:00,,0,:00,,371,:57,,296,:09,,266
,,,,,,,,0,0,:00,,0,:00,,371,:57,,296,:09,,266
,,,,,,,,0,0,:00,,0,:00,,371,:57,,296,:09,,266
,,,,,,,,0,0,:00,,0,:00,,371,:57,,296,:09,,266
,,,,,,,,0,0,:00,,0,:00,,371,:57,,296,:09,,266
,,,,,,,,0,0,:00,,0,:00,,371,:57,,296,:09,,266
T0TAL,wala,,total for the day,,,,,4,5,:43,,,:00,,371,:57,,296,:09,,266
13-Dec-06,,TPE,LAO,,20:28,21:47,,1,1,:19,,0,:00,,373,:16,,296,:09,,267
,,LAO,SZX,,22:47,0:11,,1,1,:24,,0,:00,,374,:40,,296,:09,,268
,,SZX,LAO,,13:41,15:10,,1,1,:29,,0,:00,,376,:09,,296,:09,,269
,,,,,,,,0,0,:00,,0,:00,,376,:09,,296,:09,,269
,,,,,,,,0,0,:00,,0,:00,,376,:09,,296,:09,,269
,,,,,,,,0,0,:00,,0,:00,,376,:09,,296,:09,,269
,,,,,,,,0,0,:00,,0,:00,,376,:09,,296,:09,,269
,,,,,,,,0,0,:00,,0,:00,,376,:09,,296,:09,,269
,,,,,,,,0,0,:00,,0,:00,,376,:09,,296,:09,,269
,,,,,,,,0,0,:00,,0,:00,,376,:09,,296,:09,,269
,,,,,,,,0,0,:00,,0,:00,,376,:09,,296,:09,,269
,,,,,,,,0,0,:00,,0,:00,,376,:09,,296,:09,,269
,,,,,,,,0,0,:00,,0,:00,,376,:09,,296,:09,,269
,,,,,,,,0,0,:00,,0,:00,,376,:09,,296,:09,,269
T0TAL,wala,,total for the day,,,,,3,4,:12,,,:00,,376,:09,,296,:09,,269
14-Dec-06,,LAO,TPE,,15:52,17:08,,1,1,:16,,0,:00,,377,:25,,296,:09,,270
,,TPE,LAO,,20:31,21:50,,1,1,:19,,0,:00,,378,:44,,296,:09,,271
,,LAO,SZX,,22:49,0:11,,1,1,:22,,0,:00,,380,:06,,296,:09,,272
,,SZX,LAO,,14:28,15:54,,1,1,:26,,0,:00,,381,:32,,296,:09,,273
,,,,,,,,0,0,:00,,0,:00,,381,:32,,296,:09,,273
,,,,,,,,0,0,:00,,0,:00,,381,:32,,296,:09,,273
,,,,,,,,0,0,:00,,0,:00,,381,:32,,296,:09,,273
,,,,,,,,0,0,:00,,0,:00,,381,:32,,296,:09,,273
,,,,,,,,0,0,:00,,0,:00,,381,:32,,296,:09,,273
,,,,,,,,0,0,:00,,0,:00,,381,:32,,296,:09,,273
,,,,,,,,0,0,:00,,0,:00,,381,:32,,296,:09,,273
,,,,,,,,0,0,:00,,0,:00,,381,:32,,296,:09,,273
,,,,,,,,0,0,:00,,0,:00,,381,:32,,296,:09,,273
,,,,,,,,0,0,:00,,0,:00,,381,:32,,296,:09,,273
T0TAL,wala,,total for the day,,,,,4,5,:23,,,:00,,381,:32,,296,:09,,273
15-Dec-06,,LAO,TPE,,16:37,17:47,,1,1,:10,,0,:00,,382,:42,,296,:09,,274
,,TPE,LAO,,20:29,21:44,,1,1,:15,,0,:00,,383,:57,,296,:09,,275
,,LAO,SZX,,22:42,0:03,,1,1,:21,,0,:00,,385,:18,,296,:09,,276
,,SZX,LAO,,13:44,15:11,,1,1,:27,,0,:00,,386,:45,,296,:09,,277
,,LAO,TPE,,15:51,17:04,,1,1,:13,,0,:00,,387,:58,,296,:09,,278
,,,,,,,,0,0,:00,,0,:00,,387,:58,,296,:09,,278
,,,,,,,,0,0,:00,,0,:00,,387,:58,,296,:09,,278
,,,,,,,,0,0,:00,,0,:00,,387,:58,,296,:09,,278
,,,,,,,,0,0,:00,,0,:00,,387,:58,,296,:09,,278
,,,,,,,,0,0,:00,,0,:00,,387,:58,,296,:09,,278
,,,,,,,,0,0,:00,,0,:00,,387,:58,,296,:09,,278
,,,,,,,,0,0,:00,,0,:00,,387,:58,,296,:09,,278
,,,,,,,,0,0,:00,,0,:00,,387,:58,,296,:09,,278
,,,,,,,,0,0,:00,,0,:00,,387,:58,,296,:09,,278
T0TAL,wala,,total for the day,,,,,5,6,:26,,,:00,,387,:58,,296,:09,,278
16-Dec-06,,TPE,LAO,,20:53,22:14,,1,1,:21,,0,:00,,389,:19,,296,:09,,279
,,LAO,SZX,,22:51,0:20,,1,1,:29,,0,:00,,390,:48,,296,:09,,280
,,,,,,,,0,0,:00,,0,:00,,390,:48,,296,:09,,280
,,,,,,,,0,0,:00,,0,:00,,390,:48,,296,:09,,280
,,,,,,,,0,0,:00,,0,:00,,390,:48,,296,:09,,280
,,,,,,,,0,0,:00,,0,:00,,390,:48,,296,:09,,280
,,,,,,,,0,0,:00,,0,:00,,390,:48,,296,:09,,280
,,,,,,,,0,0,:00,,0,:00,,390,:48,,296,:09,,280
,,,,,,,,0,0,:00,,0,:00,,390,:48,,296,:09,,280
,,,,,,,,0,0,:00,,0,:00,,390,:48,,296,:09,,280
,,,,,,,,0,0,:00,,0,:00,,390,:48,,296,:09,,280
,,,,,,,,0,0,:00,,0,:00,,390,:48,,296,:09,,280
,,,,,,,,0,0,:00,,0,:00,,390,:48,,296,:09,,280
,,,,,,,,0,0,:00,,0,:00,,390,:48,,296,:09,,280
T0TAL,wala,,total for the day,,,,,2,2,:50,,,:00,,390,:48,,296,:09,,280
17-Dec-06,,SZX,LAO,,18:50,20:11,,1,1,:21,,0,:00,,392,:09,,296,:09,,281
,,LAO,TPE,,5:00,6:15,,1,1,:15,,0,:00,,393,:24,,296,:09,,282
,,TPE,LAO,,23:38,1:01,,1,1,:23,,0,:00,,394,:47,,296,:09,,283
,,LAO,SZX,,1:49,3:15,,1,1,:26,,0,:00,,396,:13,,296,:09,,284
,,SZX,TNA,,5:03,7:30,,1,2,:27,,0,:00,,398,:40,,296,:09,,285
,,,,,,,,0,0,:00,,0,:00,,398,:40,,296,:09,,285
,,,,,,,,0,0,:00,,0,:00,,398,:40,,296,:09,,285
,,,,,,,,0,0,:00,,0,:00,,398,:40,,296,:09,,285
,,,,,,,,0,0,:00,,0,:00,,398,:40,,296,:09,,285
,,,,,,,,0,0,:00,,0,:00,,398,:40,,296,:09,,285
,,,,,,,,0,0,:00,,0,:00,,398,:40,,296,:09,,285
,,,,,,,,0,0,:00,,0,:00,,398,:40,,296,:09,,285
,,,,,,,,0,0,:00,,0,:00,,398,:40,,296,:09,,285
,,,,,,,,0,0,:00,,0,:00,,398,:40,,296,:09,,285
T0TAL,wala,,total for the day,,,,,5,7,:52,,,:00,,398,:40,,296,:09,,285
18-Dec-06,,TNA,LAO,,21:27,1:06,,1,3,:39,,0,:00,,402,:19,,296,:09,,286
,,,,,,,,0,0,:00,,0,:00,,402,:19,,296,:09,,286
,,,,,,,,0,0,:00,,0,:00,,402,:19,,296,:09,,286
,,,,,,,,0,0,:00,,0,:00,,402,:19,,296,:09,,286
,,,,,,,,0,0,:00,,0,:00,,402,:19,,296,:09,,286
,,,,,,,,0,0,:00,,0,:00,,402,:19,,296,:09,,286
,,,,,,,,0,0,:00,,0,:00,,402,:19,,296,:09,,286
,,,,,,,,0,0,:00,,0,:00,,402,:19,,296,:09,,286
,,,,,,,,0,0,:00,,0,:00,,402,:19,,296,:09,,286
,,,,,,,,0,0,:00,,0,:00,,402,:19,,296,:09,,286
,,,,,,,,0,0,:00,,0,:00,,402,:19,,296,:09,,286
,,,,,,,,0,0,:00,,0,:00,,402,:19,,296,:09,,286
,,,,,,,,0,0,:00,,0,:00,,402,:19,,296,:09,,286
,,,,,,,,0,0,:00,,0,:00,,402,:19,,296,:09,,286
T0TAL,wala,,total for the day,,,,,1,3,:39,,,:00,,402,:19,,296,:09,,286
19-Dec-06,,LAO,TPE,,1:53,3:11,,1,1,:18,,0,:00,,403,:37,,296,:09,,287
,,TPE,LAO,,4:28,5:41,,1,1,:13,,0,:00,,404,:50,,296,:09,,288
,,LAO,SZX,,6:18,7:44,,1,1,:26,,0,:00,,406,:16,,296,:09,,289
,,SZX,LAO,,21:30,23:03,,1,1,:33,,0,:00,,407,:49,,296,:09,,290
,,LAO,TPE,,23:50,1:05,,1,1,:15,,0,:00,,409,:04,,296,:09,,291
,,,,,,,,0,0,:00,,0,:00,,409,:04,,296,:09,,291
,,,,,,,,0,0,:00,,0,:00,,409,:04,,296,:09,,291
,,,,,,,,0,0,:00,,0,:00,,409,:04,,296,:09,,291
,,,,,,,,0,0,:00,,0,:00,,409,:04,,296,:09,,291
,,,,,,,,0,0,:00,,0,:00,,409,:04,,296,:09,,291
,,,,,,,,0,0,:00,,0,:00,,409,:04,,296,:09,,291
,,,,,,,,0,0,:00,,0,:00,,409,:04,,296,:09,,291
,,,,,,,,0,0,:00,,0,:00,,409,:04,,296,:09,,291
,,,,,,,,0,0,:00,,0,:00,,409,:04,,296,:09,,291
T0TAL,wala,,total for the day,,,,,5,6,:45,,,:00,,409,:04,,296,:09,,291
20-Dec-06,,TPE,LAO,,4:30,5:55,,1,1,:25,,0,:00,,410,:29,,296,:09,,292
,,LAO,SZX,,6:25,7:58,,1,1,:33,,0,:00,,412,:02,,296,:09,,293
,,SZX,LAO,,21:35,22:56,,1,1,:21,,0,:00,,413,:23,,296,:09,,294
,,LAO,TPE,,23:40,0:50,,1,1,:10,,0,:00,,414,:33,,296,:09,,295
,,,,,,,,0,0,:00,,0,:00,,414,:33,,296,:09,,295
,,,,,,,,0,0,:00,,0,:00,,414,:33,,296,:09,,295
,,,,,,,,0,0,:00,,0,:00,,414,:33,,296,:09,,295
,,,,,,,,0,0,:00,,0,:00,,414,:33,,296,:09,,295
,,,,,,,,0,0,:00,,0,:00,,414,:33,,296,:09,,295
,,,,,,,,0,0,:00,,0,:00,,414,:33,,296,:09,,295
,,,,,,,,0,0,:00,,0,:00,,414,:33,,296,:09,,295
,,,,,,,,0,0,:00,,0,:00,,414,:33,,296,:09,,295
,,,,,,,,0,0,:00,,0,:00,,414,:33,,296,:09,,295
,,,,,,,,0,0,:00,,0,:00,,414,:33,,296,:09,,295
T0TAL,wala,,total for the day,,,,,4,5,:29,,,:00,,414,:33,,296,:09,,295
21-Dec-06,,TPE,LAO,,4:14,5:40,,1,1,:26,,0,:00,,415,:59,,296,:09,,296
,,LAO,SZX,,6:21,7:50,,1,1,:29,,0,:00,,417,:28,,296,:09,,297
,,SZX,LAO,,21:50,23:12,,1,1,:22,,0,:00,,418,:50,,296,:09,,298
,,LAO,TPE,,23:59,1:17,,1,1,:18,,0,:00,,420,:08,,296,:09,,299
,,,,,,,,0,0,:00,,0,:00,,420,:08,,296,:09,,299
,,,,,,,,0,0,:00,,0,:00,,420,:08,,296,:09,,299
,,,,,,,,0,0,:00,,0,:00,,420,:08,,296,:09,,299
,,,,,,,,0,0,:00,,0,:00,,420,:08,,296,:09,,299
,,,,,,,,0,0,:00,,0,:00,,420,:08,,296,:09,,299
,,,,,,,,0,0,:00,,0,:00,,420,:08,,296,:09,,299
,,,,,,,,0,0,:00,,0,:00,,420,:08,,296,:09,,299
,,,,,,,,0,0,:00,,0,:00,,420,:08,,296,:09,,299
,,,,,,,,0,0,:00,,0,:00,,420,:08,,296,:09,,299
,,,,,,,,0,0,:00,,0,:00,,420,:08,,296,:09,,299
T0TAL,wala,,total for the day,,,,,4,5,:35,,,:00,,420,:08,,296,:09,,299
22-Dec-06,,TPE,LAO,,4:30,5:50,,1,1,:20,,0,:00,,421,:28,,296,:09,,300
,,LAO,SZX,,6:34,8:01,,1,1,:27,,0,:00,,422,:55,,296,:09,,301
,,SZX,LAO,,21:19,22:38,,1,1,:19,,0,:00,,424,:14,,296,:09,,302
,,LAO,TPE,,23:23,0:38,,1,1,:15,,0,:00,,425,:29,,296,:09,,303
,,,,,,,,0,0,:00,,0,:00,,425,:29,,296,:09,,303
,,,,,,,,0,0,:00,,0,:00,,425,:29,,296,:09,,303
,,,,,,,,0,0,:00,,0,:00,,425,:29,,296,:09,,303
,,,,,,,,0,0,:00,,0,:00,,425,:29,,296,:09,,303
,,,,,,,,0,0,:00,,0,:00,,425,:29,,296,:09,,303
,,,,,,,,0,0,:00,,0,:00,,425,:29,,296,:09,,303
,,,,,,,,0,0,:00,,0,:00,,425,:29,,296,:09,,303
,,,,,,,,0,0,:00,,0,:00,,425,:29,,296,:09,,303
,,,,,,,,0,0,:00,,0,:00,,425,:29,,296,:09,,303
,,,,,,,,0,0,:00,,0,:00,,425,:29,,296,:09,,303
T0TAL,wala,,total for the day,,,,,4,5,:21,,,:00,,425,:29,,296,:09,,303
23-Dec-06,,TPE,LAO,,4:24,5:50,,1,1,:26,,0,:00,,426,:55,,296,:09,,304
,,LAO,SZX,,6:24,7:52,,1,1,:28,,0,:00,,428,:23,,296,:09,,305
,,,,,,,,0,0,:00,,0,:00,,428,:23,,296,:09,,305
,,,,,,,,0,0,:00,,0,:00,,428,:23,,296,:09,,305
,,,,,,,,0,0,:00,,0,:00,,428,:23,,296,:09,,305
,,,,,,,,0,0,:00,,0,:00,,428,:23,,296,:09,,305
,,,,,,,,0,0,:00,,0,:00,,428,:23,,296,:09,,305
,,,,,,,,0,0,:00,,0,:00,,428,:23,,296,:09,,305
,,,,,,,,0,0,:00,,0,:00,,428,:23,,296,:09,,305
,,,,,,,,0,0,:00,,0,:00,,428,:23,,296,:09,,305
,,,,,,,,0,0,:00,,0,:00,,428,:23,,296,:09,,305
,,,,,,,,0,0,:00,,0,:00,,428,:23,,296,:09,,305
,,,,,,,,0,0,:00,,0,:00,,428,:23,,296,:09,,305
,,,,,,,,0,0,:00,,0,:00,,428,:23,,296,:09,,305
T0TAL,wala,,total for the day,,,,,2,2,:54,,,:00,,428,:23,,296,:09,,305
24-Dec-06,,SZX,LAO,,22:42,0:08,,1,1,:26,,0,:00,,429,:49,,296,:09,,306
,,LAO,TPE,,0:50,2:05,,1,1,:15,,0,:00,,431,:04,,296,:09,,307
,,,,,,,,0,0,:00,,0,:00,,431,:04,,296,:09,,307
,,,,,,,,0,0,:00,,0,:00,,431,:04,,296,:09,,307
,,,,,,,,0,0,:00,,0,:00,,431,:04,,296,:09,,307
,,,,,,,,0,0,:00,,0,:00,,431,:04,,296,:09,,307
,,,,,,,,0,0,:00,,0,:00,,431,:04,,296,:09,,307
,,,,,,,,0,0,:00,,0,:00,,431,:04,,296,:09,,307
,,,,,,,,0,0,:00,,0,:00,,431,:04,,296,:09,,307
,,,,,,,,0,0,:00,,0,:00,,431,:04,,296,:09,,307
,,,,,,,,0,0,:00,,0,:00,,431,:04,,296,:09,,307
,,,,,,,,0,0,:00,,0,:00,,431,:04,,296,:09,,307
,,,,,,,,0,0,:00,,0,:00,,431,:04,,296,:09,,307
,,,,,,,,0,0,:00,,0,:00,,431,:04,,296,:09,,307
T0TAL,wala,,total for the day,,,,,2,2,:41,,,:00,,431,:04,,296,:09,,307
26 Dec.06,,TPE,LAO,,4:15,5:37,,1,1,:22,,0,:00,,432,:26,,296,:09,,308
,,LAO,SZX,,6:10,7:35,,1,1,:25,,0,:00,,433,:51,,296,:09,,309
,,SZX,LAO,,21:23,22:49,,1,1,:26,,0,:00,,435,:17,,296,:09,,310
,,LAO,TPE,,23:14,0:29,,1,1,:15,,0,:00,,436,:32,,296,:09,,311
,,,,,,,,0,0,:00,,0,:00,,436,:32,,296,:09,,311
,,,,,,,,0,0,:00,,0,:00,,436,:32,,296,:09,,311
,,,,,,,,0,0,:00,,0,:00,,436,:32,,296,:09,,311
,,,,,,,,0,0,:00,,0,:00,,436,:32,,296,:09,,311
,,,,,,,,0,0,:00,,0,:00,,436,:32,,296,:09,,311
,,,,,,,,0,0,:00,,0,:00,,436,:32,,296,:09,,311
,,,,,,,,0,0,:00,,0,:00,,436,:32,,296,:09,,311
,,,,,,,,0,0,:00,,0,:00,,436,:32,,296,:09,,311
,,,,,,,,0,0,:00,,0,:00,,436,:32,,296,:09,,311
,,,,,,,,0,0,:00,,0,:00,,436,:32,,296,:09,,311
T0TAL,wala,,total for the day,,,,,4,5,:28,,,:00,,436,:32,,296,:09,,311
27-Dec-06,,TPE,LAO,,4:22,5:42,,1,1,:20,,0,:00,,437,:52,,296,:09,,312
,,LAO,SZX,,6:25,7:58,,1,1,:33,,0,:00,,439,:25,,296,:09,,313
,,SZX,LAO,,21:39,23:00,,1,1,:21,,0,:00,,440,:46,,296,:09,,314
,,LAO,TPE,,23:37,0:46,,1,1,:09,,0,:00,,441,:55,,296,:09,,315
,,,,,,,,0,0,:00,,0,:00,,441,:55,,296,:09,,315
,,,,,,,,0,0,:00,,0,:00,,441,:55,,296,:09,,315
,,,,,,,,0,0,:00,,0,:00,,441,:55,,296,:09,,315
,,,,,,,,0,0,:00,,0,:00,,441,:55,,296,:09,,315
,,,,,,,,0,0,:00,,0,:00,,441,:55,,296,:09,,315
,,,,,,,,0,0,:00,,0,:00,,441,:55,,296,:09,,315
,,,,,,,,0,0,:00,,0,:00,,441,:55,,296,:09,,315
,,,,,,,,0,0,:00,,0,:00,,441,:55,,296,:09,,315
,,,,,,,,0,0,:00,,0,:00,,441,:55,,296,:09,,315
,,,,,,,,0,0,:00,,0,:00,,441,:55,,296,:09,,315
T0TAL,wala,,total for the day,,,,,4,5,:23,,,:00,,441,:55,,296,:09,,315
28-Dec-06,,TPE,LAO,,4:43,6:05,,1,1,:22,,0,:00,,443,:17,,296,:09,,316
,,LAO,SZX,,6:42,8:11,,1,1,:29,,0,:00,,444,:46,,296,:09,,317
,,SZX,LAO,,21:26,22:54,,1,1,:28,,0,:00,,446,:14,,296,:09,,318
,,LAO,TPE,,23:31,0:43,,1,1,:12,,0,:00,,447,:26,,296,:09,,319
,,,,,,,,0,0,:00,,0,:00,,447,:26,,296,:09,,319
,,,,,,,,0,0,:00,,0,:00,,447,:26,,296,:09,,319
,,,,,,,,0,0,:00,,0,:00,,447,:26,,296,:09,,319
,,,,,,,,0,0,:00,,0,:00,,447,:26,,296,:09,,319
,,,,,,,,0,0,:00,,0,:00,,447,:26,,296,:09,,319
,,,,,,,,0,0,:00,,0,:00,,447,:26,,296,:09,,319
,,,,,,,,0,0,:00,,0,:00,,447,:26,,296,:09,,319
,,,,,,,,0,0,:00,,0,:00,,447,:26,,296,:09,,319
,,,,,,,,0,0,:00,,0,:00,,447,:26,,296,:09,,319
,,,,,,,,0,0,:00,,0,:00,,447,:26,,296,:09,,319
T0TAL,wala,,total for the day,,,,,4,5,:31,,,:00,,447,:26,,296,:09,,319
29-Dec-06,,TPE,LAO,,4:17,5:47,,1,1,:30,,0,:00,,448,:56,,296,:09,,320
,,LAO,SZX,,6:30,8:00,,1,1,:30,,0,:00,,450,:26,,296,:09,,321
,,SZX,LAO,,21:32,22:59,,1,1,:27,,0,:00,,451,:53,,296,:09,,322
,,LAO,TPE,,23:41,0:54,,1,1,:13,,0,:00,,453,:06,,296,:09,,323
,,,,,,,,0,0,:00,,0,:00,,453,:06,,296,:09,,323
,,,,,,,,0,0,:00,,0,:00,,453,:06,,296,:09,,323
,,,,,,,,0,0,:00,,0,:00,,453,:06,,296,:09,,323
,,,,,,,,0,0,:00,,0,:00,,453,:06,,296,:09,,323
,,,,,,,,0,0,:00,,0,:00,,453,:06,,296,:09,,323
,,,,,,,,0,0,:00,,0,:00,,453,:06,,296,:09,,323
,,,,,,,,0,0,:00,,0,:00,,453,:06,,296,:09,,323
,,,,,,,,0,0,:00,,0,:00,,453,:06,,296,:09,,323
,,,,,,,,0,0,:00,,0,:00,,453,:06,,296,:09,,323
,,,,,,,,0,0,:00,,0,:00,,453,:06,,296,:09,,323
T0TAL,wala,,total for the day,,,,,4,5,:40,,,:00,,453,:06,,296,:09,,323
30-Dec-06,,TPE,LAO,,4:45,6:10,,1,1,:25,,0,:00,,454,:31,,296,:09,,324
,,LAO,SZX,,7:02,8:33,,1,1,:31,,0,:00,,456,:02,,296,:09,,325
,,,,,,,,0,0,:00,,0,:00,,456,:02,,296,:09,,325
,,,,,,,,0,0,:00,,0,:00,,456,:02,,296,:09,,325
,,,,,,,,0,0,:00,,0,:00,,456,:02,,296,:09,,325
,,,,,,,,0,0,:00,,0,:00,,456,:02,,296,:09,,325
,,,,,,,,0,0,:00,,0,:00,,456,:02,,296,:09,,325
,,,,,,,,0,0,:00,,0,:00,,456,:02,,296,:09,,325
,,,,,,,,0,0,:00,,0,:00,,456,:02,,296,:09,,325
,,,,,,,,0,0,:00,,0,:00,,456,:02,,296,:09,,325
,,,,,,,,0,0,:00,,0,:00,,456,:02,,296,:09,,325
,,,,,,,,0,0,:00,,0,:00,,456,:02,,296,:09,,325
,,,,,,,,0,0,:00,,0,:00,,456,:02,,296,:09,,325
,,,,,,,,0,0,:00,,0,:00,,456,:02,,296,:09,,325
T0TAL,wala,,total for the day,,,,,2,2,:56,,,:00,,456,:02,,296,:09,,325
31-Dec-06,,SZX,LAO,,2:33,3:52,,1,1,:19,,0,:00,,457,:21,,296,:09,,326
,,LAO,TPE,,4:39,5:45,,1,1,:06,,0,:00,,458,:27,,296,:09,,327
,,,,,,,,0,0,:00,,0,:00,,458,:27,,296,:09,,327
,,,,,,,,0,0,:00,,0,:00,,458,:27,,296,:09,,327
,,,,,,,,0,0,:00,,0,:00,,458,:27,,296,:09,,327
,,,,,,,,0,0,:00,,0,:00,,458,:27,,296,:09,,327
,,,,,,,,0,0,:00,,0,:00,,458,:27,,296,:09,,327
,,,,,,,,0,0,:00,,0,:00,,458,:27,,296,:09,,327
,,,,,,,,0,0,:00,,0,:00,,458,:27,,296,:09,,327
,,,,,,,,0,0,:00,,0,:00,,458,:27,,296,:09,,327
,,,,,,,,0,0,:00,,0,:00,,458,:27,,296,:09,,327
,,,,,,,,0,0,:00,,0,:00,,458,:27,,296,:09,,327
,,,,,,,,0,0,:00,,0,:00,,458,:27,,296,:09,,327
,,,,,,,,0,0,:00,,0,:00,,458,:27,,296,:09,,327
T0TAL,wala,,total for the day,,,,,2,2,:25,,,:00,,458,:27,,296,:09,,327
03-Jan-07,,TPE,LAO,,4:26,5:42,,1,1,:16,,0,:00,,459,:43,,296,:09,,328
,,LAO,SZX,,6:19,7:45,,1,1,:26,,0,:00,,461,:09,,296,:09,,329
,,SZX,LAO,,21:18,22:45,,1,1,:27,,0,:00,,462,:36,,296,:09,,330
,,LAO,TPE,,23:18,0:35,,1,1,:17,,0,:00,,463,:53,,296,:09,,331
,,,,,,,,0,0,:00,,0,:00,,463,:53,,296,:09,,331
,,,,,,,,0,0,:00,,0,:00,,463,:53,,296,:09,,331
,,,,,,,,0,0,:00,,0,:00,,463,:53,,296,:09,,331
,,,,,,,,0,0,:00,,0,:00,,463,:53,,296,:09,,331
,,,,,,,,0,0,:00,,0,:00,,463,:53,,296,:09,,331
,,,,,,,,0,0,:00,,0,:00,,463,:53,,296,:09,,331
,,,,,,,,0,0,:00,,0,:00,,463,:53,,296,:09,,331
,,,,,,,,0,0,:00,,0,:00,,463,:53,,296,:09,,331
,,,,,,,,0,0,:00,,0,:00,,463,:53,,296,:09,,331
,,,,,,,,0,0,:00,,0,:00,,463,:53,,296,:09,,331
T0TAL,wala,,total for the day,,,,,4,5,:26,,,:00,,463,:53,,296,:09,,331
04-Jan-07,,TPE,LAO,,4:26,5:44,,1,1,:18,,0,:00,,465,:11,,296,:09,,332
,,LAO,SZX,,6:20,7:44,,1,1,:24,,0,:00,,466,:35,,296,:09,,333
,,SZX,LAO,,21:17,22:47,,1,1,:30,,0,:00,,468,:05,,296,:09,,334
,,LAO,TPE,,23:33,0:48,,1,1,:15,,0,:00,,469,:20,,296,:09,,335
,,,,,,,,0,0,:00,,0,:00,,469,:20,,296,:09,,335
,,,,,,,,0,0,:00,,0,:00,,469,:20,,296,:09,,335
,,,,,,,,0,0,:00,,0,:00,,469,:20,,296,:09,,335
,,,,,,,,0,0,:00,,0,:00,,469,:20,,296,:09,,335
,,,,,,,,0,0,:00,,0,:00,,469,:20,,296,:09,,335
,,,,,,,,0,0,:00,,0,:00,,469,:20,,296,:09,,335
,,,,,,,,0,0,:00,,0,:00,,469,:20,,296,:09,,335
,,,,,,,,0,0,:00,,0,:00,,469,:20,,296,:09,,335
,,,,,,,,0,0,:00,,0,:00,,469,:20,,296,:09,,335
,,,,,,,,0,0,:00,,0,:00,,469,:20,,296,:09,,335
T0TAL,wala,,total for the day,,,,,4,5,:27,,,:00,,469,:20,,296,:09,,335
05-Jan-07,,TPE,LAO,,4:20,5:41,,1,1,:21,,0,:00,,470,:41,,296,:09,,336
,,LAO,SZX,,6:16,7:37,,1,1,:21,,0,:00,,472,:02,,296,:09,,337
,,SZX,LAO,,21:11,22:36,,1,1,:25,,0,:00,,473,:27,,296,:09,,338
,,LAO,TPE,,23:26,0:41,,1,1,:15,,0,:00,,474,:42,,296,:09,,339
,,,,,,,,0,0,:00,,0,:00,,474,:42,,296,:09,,339
,,,,,,,,0,0,:00,,0,:00,,474,:42,,296,:09,,339
,,,,,,,,0,0,:00,,0,:00,,474,:42,,296,:09,,339
,,,,,,,,0,0,:00,,0,:00,,474,:42,,296,:09,,339
,,,,,,,,0,0,:00,,0,:00,,474,:42,,296,:09,,339
,,,,,,,,0,0,:00,,0,:00,,474,:42,,296,:09,,339
,,,,,,,,0,0,:00,,0,:00,,474,:42,,296,:09,,339
,,,,,,,,0,0,:00,,0,:00,,474,:42,,296,:09,,339
,,,,,,,,0,0,:00,,0,:00,,474,:42,,296,:09,,339
,,,,,,,,0,0,:00,,0,:00,,474,:42,,296,:09,,339
T0TAL,wala,,total for the day,,,,,4,5,:22,,,:00,,474,:42,,296,:09,,339
06-Jan-07,,TPE,LAO,,4:13,5:37,,1,1,:24,,0,:00,,476,:06,,296,:09,,340
,,LAO,SZX,,6:27,7:53,,1,1,:26,,0,:00,,477,:32,,296,:09,,341
,,,,,,,,0,0,:00,,0,:00,,477,:32,,296,:09,,341
,,,,,,,,0,0,:00,,0,:00,,477,:32,,296,:09,,341
,,,,,,,,0,0,:00,,0,:00,,477,:32,,296,:09,,341
,,,,,,,,0,0,:00,,0,:00,,477,:32,,296,:09,,341
,,,,,,,,0,0,:00,,0,:00,,477,:32,,296,:09,,341
,,,,,,,,0,0,:00,,0,:00,,477,:32,,296,:09,,341
,,,,,,,,0,0,:00,,0,:00,,477,:32,,296,:09,,341
,,,,,,,,0,0,:00,,0,:00,,477,:32,,296,:09,,341
,,,,,,,,0,0,:00,,0,:00,,477,:32,,296,:09,,341
,,,,,,,,0,0,:00,,0,:00,,477,:32,,296,:09,,341
,,,,,,,,0,0,:00,,0,:00,,477,:32,,296,:09,,341
,,,,,,,,0,0,:00,,0,:00,,477,:32,,296,:09,,341
T0TAL,wala,,total for the day,,,,,2,2,:50,,,:00,,477,:32,,296,:09,,341
07-Jan-07,,SZX,LAO,,22:42,0:09,,1,1,:27,,0,:00,,478,:59,,296,:09,,342
,,LAO,TPE,,0:53,2:14,,1,1,:21,,0,:00,,480,:20,,296,:09,,343
,,,,,,,,0,0,:00,,0,:00,,480,:20,,296,:09,,343
,,,,,,,,0,0,:00,,0,:00,,480,:20,,296,:09,,343
,,,,,,,,0,0,:00,,0,:00,,480,:20,,296,:09,,343
,,,,,,,,0,0,:00,,0,:00,,480,:20,,296,:09,,343
,,,,,,,,0,0,:00,,0,:00,,480,:20,,296,:09,,343
,,,,,,,,0,0,:00,,0,:00,,480,:20,,296,:09,,343
,,,,,,,,0,0,:00,,0,:00,,480,:20,,296,:09,,343
,,,,,,,,0,0,:00,,0,:00,,480,:20,,296,:09,,343
,,,,,,,,0,0,:00,,0,:00,,480,:20,,296,:09,,343
,,,,,,,,0,0,:00,,0,:00,,480,:20,,296,:09,,343
,,,,,,,,0,0,:00,,0,:00,,480,:20,,296,:09,,343
,,,,,,,,0,0,:00,,0,:00,,480,:20,,296,:09,,343
T0TAL,wala,,total for the day,,,,,2,2,:48,,,:00,,480,:20,,296,:09,,343
09-Jan-07,,TPE,LAO,,4:43,6:03,,1,1,:20,,0,:00,,481,:40,,296,:09,,344
,,LAO,SZX,,6:32,7:56,,1,1,:24,,0,:00,,483,:04,,296,:09,,345
,,SZX,LAO,,21:25,22:50,,1,1,:25,,0,:00,,484,:29,,296,:09,,346
,,LAO,TPE,,23:20,0:33,,1,1,:13,,0,:00,,485,:42,,296,:09,,347
,,,,,,,,0,0,:00,,0,:00,,485,:42,,296,:09,,347
,,,,,,,,0,0,:00,,0,:00,,485,:42,,296,:09,,347
,,,,,,,,0,0,:00,,0,:00,,485,:42,,296,:09,,347
,,,,,,,,0,0,:00,,0,:00,,485,:42,,296,:09,,347
,,,,,,,,0,0,:00,,0,:00,,485,:42,,296,:09,,347
,,,,,,,,0,0,:00,,0,:00,,485,:42,,296,:09,,347
,,,,,,,,0,0,:00,,0,:00,,485,:42,,296,:09,,347
,,,,,,,,0,0,:00,,0,:00,,485,:42,,296,:09,,347
,,,,,,,,0,0,:00,,0,:00,,485,:42,,296,:09,,347
,,,,,,,,0,0,:00,,0,:00,,485,:42,,296,:09,,347
T0TAL,wala,,total for the day,,,,,4,5,:22,,,:00,,485,:42,,296,:09,,347
10-Jan-07,,TPE,LAO,,4:13,5:34,,1,1,:21,,0,:00,,487,:03,,296,:09,,348
,,LAO,SZX,,6:05,7:28,,1,1,:23,,0,:00,,488,:26,,296,:09,,349
,,SZX,LAO,,21:16,22:38,,1,1,:22,,0,:00,,489,:48,,296,:09,,350
,,LAO,TPE,,23:20,0:30,,1,1,:10,,0,:00,,490,:58,,296,:09,,351
,,,,,,,,0,0,:00,,0,:00,,490,:58,,296,:09,,351
,,,,,,,,0,0,:00,,0,:00,,490,:58,,296,:09,,351
,,,,,,,,0,0,:00,,0,:00,,490,:58,,296,:09,,351
,,,,,,,,0,0,:00,,0,:00,,490,:58,,296,:09,,351
,,,,,,,,0,0,:00,,0,:00,,490,:58,,296,:09,,351
,,,,,,,,0,0,:00,,0,:00,,490,:58,,296,:09,,351
,,,,,,,,0,0,:00,,0,:00,,490,:58,,296,:09,,351
,,,,,,,,0,0,:00,,0,:00,,490,:58,,296,:09,,351
,,,,,,,,0,0,:00,,0,:00,,490,:58,,296,:09,,351
,,,,,,,,0,0,:00,,0,:00,,490,:58,,296,:09,,351
T0TAL,wala,,total for the day,,,,,4,5,:16,,,:00,,490,:58,,296,:09,,351
11-Jan-07,,TPE,LAO,,4:08,5:30,,1,1,:22,,0,:00,,492,:20,,296,:09,,352
,,LAO,SZX,,6:08,7:33,,1,1,:25,,0,:00,,493,:45,,296,:09,,353
,,SZX,LAO,,13:10,14:34,,1,1,:24,,0,:00,,495,:09,,296,:09,,354
,,LAO,TPE,,15:15,16:25,,1,1,:10,,0,:00,,496,:19,,296,:09,,355
,,,,,,,,0,0,:00,,0,:00,,496,:19,,296,:09,,355
,,,,,,,,0,0,:00,,0,:00,,496,:19,,296,:09,,355
,,,,,,,,0,0,:00,,0,:00,,496,:19,,296,:09,,355
,,,,,,,,0,0,:00,,0,:00,,496,:19,,296,:09,,355
,,,,,,,,0,0,:00,,0,:00,,496,:19,,296,:09,,355
,,,,,,,,0,0,:00,,0,:00,,496,:19,,296,:09,,355
,,,,,,,,0,0,:00,,0,:00,,496,:19,,296,:09,,355
,,,,,,,,0,0,:00,,0,:00,,496,:19,,296,:09,,355
,,,,,,,,0,0,:00,,0,:00,,496,:19,,296,:09,,355
,,,,,,,,0,0,:00,,0,:00,,496,:19,,296,:09,,355
T0TAL,wala,,total for the day,,,,,4,5,:21,,,:00,,496,:19,,296,:09,,355
12-Jan-07,,TPE,LAO,,20:10,21:25,,1,1,:15,,0,:00,,497,:34,,296,:09,,356
,,LAO,SZX,,22:05,23:27,,1,1,:22,,0,:00,,498,:56,,296,:09,,357
,,SZX,LAO,,13:07,14:40,,1,1,:33,,0,:00,,500,:29,,296,:09,,358
,,LAO,TPE,,15:14,16:23,,1,1,:09,,0,:00,,501,:38,,296,:09,,359
,,,,,,,,0,0,:00,,0,:00,,501,:38,,296,:09,,359
,,,,,,,,0,0,:00,,0,:00,,501,:38,,296,:09,,359
,,,,,,,,0,0,:00,,0,:00,,501,:38,,296,:09,,359
,,,,,,,,0,0,:00,,0,:00,,501,:38,,296,:09,,359
,,,,,,,,0,0,:00,,0,:00,,501,:38,,296,:09,,359
,,,,,,,,0,0,:00,,0,:00,,501,:38,,296,:09,,359
,,,,,,,,0,0,:00,,0,:00,,501,:38,,296,:09,,359
,,,,,,,,0,0,:00,,0,:00,,501,:38,,296,:09,,359
,,,,,,,,0,0,:00,,0,:00,,501,:38,,296,:09,,359
,,,,,,,,0,0,:00,,0,:00,,501,:38,,296,:09,,359
T0TAL,wala,,total for the day,,,,,4,5,:19,,,:00,,501,:38,,296,:09,,359
13-Jan-07,,TPE,LAO,,20:26,21:51,,1,1,:25,,0,:00,,503,:03,,296,:09,,360
,,LAO,SZX,,22:26,23:53,,1,1,:27,,0,:00,,504,:30,,296,:09,,361
,,,,,,,,0,0,:00,,0,:00,,504,:30,,296,:09,,361
,,,,,,,,0,0,:00,,0,:00,,504,:30,,296,:09,,361
,,,,,,,,0,0,:00,,0,:00,,504,:30,,296,:09,,361
,,,,,,,,0,0,:00,,0,:00,,504,:30,,296,:09,,361
,,,,,,,,0,0,:00,,0,:00,,504,:30,,296,:09,,361
,,,,,,,,0,0,:00,,0,:00,,504,:30,,296,:09,,361
,,,,,,,,0,0,:00,,0,:00,,504,:30,,296,:09,,361
,,,,,,,,0,0,:00,,0,:00,,504,:30,,296,:09,,361
,,,,,,,,0,0,:00,,0,:00,,504,:30,,296,:09,,361
,,,,,,,,0,0,:00,,0,:00,,504,:30,,296,:09,,361
,,,,,,,,0,0,:00,,0,:00,,504,:30,,296,:09,,361
,,,,,,,,0,0,:00,,0,:00,,504,:30,,296,:09,,361
T0TAL,wala,,total for the day,,,,,2,2,:52,,,:00,,504,:30,,296,:09,,361
14-Jan-07,,SZX,LAO,,18:57,20:20,,1,1,:23,,0,:00,,505,:53,,296,:09,,362
,,LAO,TPE,,20:55,22:17,,1,1,:22,,0,:00,,507,:15,,296,:09,,363
,,,,,,,,0,0,:00,,0,:00,,507,:15,,296,:09,,363
,,,,,,,,0,0,:00,,0,:00,,507,:15,,296,:09,,363
,,,,,,,,0,0,:00,,0,:00,,507,:15,,296,:09,,363
,,,,,,,,0,0,:00,,0,:00,,507,:15,,296,:09,,363
,,,,,,,,0,0,:00,,0,:00,,507,:15,,296,:09,,363
,,,,,,,,0,0,:00,,0,:00,,507,:15,,296,:09,,363
,,,,,,,,0,0,:00,,0,:00,,507,:15,,296,:09,,363
,,,,,,,,0,0,:00,,0,:00,,507,:15,,296,:09,,363
,,,,,,,,0,0,:00,,0,:00,,507,:15,,296,:09,,363
,,,,,,,,0,0,:00,,0,:00,,507,:15,,296,:09,,363
,,,,,,,,0,0,:00,,0,:00,,507,:15,,296,:09,,363
,,,,,,,,0,0,:00,,0,:00,,507,:15,,296,:09,,363
T0TAL,wala,,total for the day,,,,,2,2,:45,,,:00,,507,:15,,296,:09,,363
16-Jan-07,,TPE,LAO,,20:10,21:28,,1,1,:18,,0,:00,,508,:33,,296,:09,,364
,,LAO,CLK,,22:48,23:34,,1,0,:46,,0,:00,,509,:19,,296,:09,,365
,,,,,,,,0,0,:00,,0,:00,,509,:19,,296,:09,,365
,,,,,,,,0,0,:00,,0,:00,,509,:19,,296,:09,,365
,,,,,,,,0,0,:00,,0,:00,,509,:19,,296,:09,,365
,,,,,,,,0,0,:00,,0,:00,,509,:19,,296,:09,,365
,,,,,,,,0,0,:00,,0,:00,,509,:19,,296,:09,,365
,,,,,,,,0,0,:00,,0,:00,,509,:19,,296,:09,,365
,,,,,,,,0,0,:00,,0,:00,,509,:19,,296,:09,,365
,,,,,,,,0,0,:00,,0,:00,,509,:19,,296,:09,,365
,,,,,,,,0,0,:00,,0,:00,,509,:19,,296,:09,,365
,,,,,,,,0,0,:00,,0,:00,,509,:19,,296,:09,,365
,,,,,,,,0,0,:00,,0,:00,,509,:19,,296,:09,,365
,,,,,,,,0,0,:00,,0,:00,,509,:19,,296,:09,,365
T0TAL,wala,,total for the day,,,,,2,2,:04,,,:00,,509,:19,,296,:09,,365